 cookie=0x0, duration=2.804s, table=0, n_packets=1, n_bytes=42, idle_timeout=10, hard_timeout=30, reset_counts priority=65535,arp,in_port=3,vlan_tci=0x0000/0x1fff,dl_src=ce:eb:b4:05:65:2d,dl_dst=b2:91:f2:c0:af:d9,arp_spa=10.0.0.12,arp_tpa=10.0.0.1,arp_op=1 actions=output:1
 cookie=0x0, duration=2.803s, table=0, n_packets=1, n_bytes=42, idle_timeout=10, hard_timeout=30, reset_counts priority=65535,arp,in_port=3,vlan_tci=0x0000/0x1fff,dl_src=46:89:81:ce:4d:40,dl_dst=b2:91:f2:c0:af:d9,arp_spa=10.0.0.10,arp_tpa=10.0.0.1,arp_op=1 actions=output:1
 cookie=0x0, duration=2.802s, table=0, n_packets=1, n_bytes=42, idle_timeout=10, hard_timeout=30, reset_counts priority=65535,arp,in_port=3,vlan_tci=0x0000/0x1fff,dl_src=c6:8f:29:88:35:d6,dl_dst=b2:91:f2:c0:af:d9,arp_spa=10.0.0.9,arp_tpa=10.0.0.1,arp_op=1 actions=output:1
 cookie=0x0, duration=2.792s, table=0, n_packets=1, n_bytes=42, idle_timeout=10, hard_timeout=30, reset_counts priority=65535,arp,in_port=3,vlan_tci=0x0000/0x1fff,dl_src=8e:c9:48:94:bb:bb,dl_dst=b2:91:f2:c0:af:d9,arp_spa=10.0.0.11,arp_tpa=10.0.0.1,arp_op=1 actions=output:1
 cookie=0x0, duration=2.792s, table=0, n_packets=1, n_bytes=42, idle_timeout=10, hard_timeout=30, reset_counts priority=65535,arp,in_port=2,vlan_tci=0x0000/0x1fff,dl_src=12:0b:53:5f:32:a2,dl_dst=b2:91:f2:c0:af:d9,arp_spa=10.0.0.6,arp_tpa=10.0.0.1,arp_op=1 actions=output:1
 cookie=0x0, duration=2.791s, table=0, n_packets=1, n_bytes=42, idle_timeout=10, hard_timeout=30, reset_counts priority=65535,arp,in_port=2,vlan_tci=0x0000/0x1fff,dl_src=5e:e3:35:b1:c1:10,dl_dst=b2:91:f2:c0:af:d9,arp_spa=10.0.0.5,arp_tpa=10.0.0.1,arp_op=1 actions=output:1
 cookie=0x0, duration=2.791s, table=0, n_packets=1, n_bytes=42, idle_timeout=10, hard_timeout=30, reset_counts priority=65535,arp,in_port=2,vlan_tci=0x0000/0x1fff,dl_src=e2:dc:40:32:1f:4c,dl_dst=b2:91:f2:c0:af:d9,arp_spa=10.0.0.8,arp_tpa=10.0.0.1,arp_op=1 actions=output:1
 cookie=0x0, duration=2.790s, table=0, n_packets=1, n_bytes=42, idle_timeout=10, hard_timeout=30, reset_counts priority=65535,arp,in_port=2,vlan_tci=0x0000/0x1fff,dl_src=1a:fa:f8:17:ba:de,dl_dst=b2:91:f2:c0:af:d9,arp_spa=10.0.0.7,arp_tpa=10.0.0.1,arp_op=1 actions=output:1
 cookie=0x0, duration=2.539s, table=0, n_packets=1, n_bytes=42, idle_timeout=10, hard_timeout=30, reset_counts priority=65535,arp,in_port=3,vlan_tci=0x0000/0x1fff,dl_src=8e:c9:48:94:bb:bb,dl_dst=96:a6:9c:a8:bf:b4,arp_spa=10.0.0.11,arp_tpa=10.0.0.2,arp_op=1 actions=output:1
 cookie=0x0, duration=2.537s, table=0, n_packets=1, n_bytes=42, idle_timeout=10, hard_timeout=30, reset_counts priority=65535,arp,in_port=3,vlan_tci=0x0000/0x1fff,dl_src=46:89:81:ce:4d:40,dl_dst=96:a6:9c:a8:bf:b4,arp_spa=10.0.0.10,arp_tpa=10.0.0.2,arp_op=1 actions=output:1
 cookie=0x0, duration=2.535s, table=0, n_packets=1, n_bytes=42, idle_timeout=10, hard_timeout=30, reset_counts priority=65535,arp,in_port=3,vlan_tci=0x0000/0x1fff,dl_src=ce:eb:b4:05:65:2d,dl_dst=96:a6:9c:a8:bf:b4,arp_spa=10.0.0.12,arp_tpa=10.0.0.2,arp_op=1 actions=output:1
 cookie=0x0, duration=2.496s, table=0, n_packets=1, n_bytes=42, idle_timeout=10, hard_timeout=30, reset_counts priority=65535,arp,in_port=3,vlan_tci=0x0000/0x1fff,dl_src=c6:8f:29:88:35:d6,dl_dst=96:a6:9c:a8:bf:b4,arp_spa=10.0.0.9,arp_tpa=10.0.0.2,arp_op=1 actions=output:1
 cookie=0x0, duration=2.494s, table=0, n_packets=1, n_bytes=42, idle_timeout=10, hard_timeout=30, reset_counts priority=65535,arp,in_port=2,vlan_tci=0x0000/0x1fff,dl_src=5e:e3:35:b1:c1:10,dl_dst=96:a6:9c:a8:bf:b4,arp_spa=10.0.0.5,arp_tpa=10.0.0.2,arp_op=1 actions=output:1
 cookie=0x0, duration=2.492s, table=0, n_packets=1, n_bytes=42, idle_timeout=10, hard_timeout=30, reset_counts priority=65535,arp,in_port=2,vlan_tci=0x0000/0x1fff,dl_src=12:0b:53:5f:32:a2,dl_dst=96:a6:9c:a8:bf:b4,arp_spa=10.0.0.6,arp_tpa=10.0.0.2,arp_op=1 actions=output:1
 cookie=0x0, duration=2.480s, table=0, n_packets=1, n_bytes=42, idle_timeout=10, hard_timeout=30, reset_counts priority=65535,arp,in_port=2,vlan_tci=0x0000/0x1fff,dl_src=e2:dc:40:32:1f:4c,dl_dst=96:a6:9c:a8:bf:b4,arp_spa=10.0.0.8,arp_tpa=10.0.0.2,arp_op=1 actions=output:1
 cookie=0x0, duration=2.479s, table=0, n_packets=1, n_bytes=42, idle_timeout=10, hard_timeout=30, reset_counts priority=65535,arp,in_port=2,vlan_tci=0x0000/0x1fff,dl_src=1a:fa:f8:17:ba:de,dl_dst=96:a6:9c:a8:bf:b4,arp_spa=10.0.0.7,arp_tpa=10.0.0.2,arp_op=1 actions=output:1
 cookie=0x0, duration=2.478s, table=0, n_packets=1, n_bytes=42, idle_timeout=10, hard_timeout=30, reset_counts priority=65535,arp,in_port=4,vlan_tci=0x0000/0x1fff,dl_src=ae:0a:e8:79:de:b1,dl_dst=b2:91:f2:c0:af:d9,arp_spa=10.0.0.13,arp_tpa=10.0.0.1,arp_op=1 actions=output:1
 cookie=0x0, duration=2.477s, table=0, n_packets=1, n_bytes=42, idle_timeout=10, hard_timeout=30, reset_counts priority=65535,arp,in_port=4,vlan_tci=0x0000/0x1fff,dl_src=8e:59:1e:55:78:f6,dl_dst=96:a6:9c:a8:bf:b4,arp_spa=10.0.0.15,arp_tpa=10.0.0.2,arp_op=1 actions=output:1
 cookie=0x0, duration=2.477s, table=0, n_packets=1, n_bytes=42, idle_timeout=10, hard_timeout=30, reset_counts priority=65535,arp,in_port=4,vlan_tci=0x0000/0x1fff,dl_src=6e:16:39:bf:be:ef,dl_dst=b2:91:f2:c0:af:d9,arp_spa=10.0.0.16,arp_tpa=10.0.0.1,arp_op=1 actions=output:1
 cookie=0x0, duration=2.476s, table=0, n_packets=1, n_bytes=42, idle_timeout=10, hard_timeout=30, reset_counts priority=65535,arp,in_port=4,vlan_tci=0x0000/0x1fff,dl_src=6e:16:39:bf:be:ef,dl_dst=96:a6:9c:a8:bf:b4,arp_spa=10.0.0.16,arp_tpa=10.0.0.2,arp_op=1 actions=output:1
 cookie=0x0, duration=2.476s, table=0, n_packets=1, n_bytes=42, idle_timeout=10, hard_timeout=30, reset_counts priority=65535,arp,in_port=4,vlan_tci=0x0000/0x1fff,dl_src=72:72:90:9f:88:02,dl_dst=96:a6:9c:a8:bf:b4,arp_spa=10.0.0.14,arp_tpa=10.0.0.2,arp_op=1 actions=output:1
 cookie=0x0, duration=2.474s, table=0, n_packets=1, n_bytes=42, idle_timeout=10, hard_timeout=30, reset_counts priority=65535,arp,in_port=4,vlan_tci=0x0000/0x1fff,dl_src=ae:0a:e8:79:de:b1,dl_dst=96:a6:9c:a8:bf:b4,arp_spa=10.0.0.13,arp_tpa=10.0.0.2,arp_op=1 actions=output:1
 cookie=0x0, duration=2.470s, table=0, n_packets=1, n_bytes=42, idle_timeout=10, hard_timeout=30, reset_counts priority=65535,arp,in_port=4,vlan_tci=0x0000/0x1fff,dl_src=8e:59:1e:55:78:f6,dl_dst=b2:91:f2:c0:af:d9,arp_spa=10.0.0.15,arp_tpa=10.0.0.1,arp_op=1 actions=output:1
 cookie=0x0, duration=2.439s, table=0, n_packets=1, n_bytes=42, idle_timeout=10, hard_timeout=30, reset_counts priority=65535,arp,in_port=4,vlan_tci=0x0000/0x1fff,dl_src=72:72:90:9f:88:02,dl_dst=b2:91:f2:c0:af:d9,arp_spa=10.0.0.14,arp_tpa=10.0.0.1,arp_op=1 actions=output:1
 cookie=0x0, duration=2.280s, table=0, n_packets=1, n_bytes=42, idle_timeout=10, hard_timeout=30, reset_counts priority=65535,arp,in_port=3,vlan_tci=0x0000/0x1fff,dl_src=c6:8f:29:88:35:d6,dl_dst=96:29:36:91:e8:83,arp_spa=10.0.0.9,arp_tpa=10.0.0.3,arp_op=1 actions=output:1
 cookie=0x0, duration=2.280s, table=0, n_packets=1, n_bytes=42, idle_timeout=10, hard_timeout=30, reset_counts priority=65535,arp,in_port=3,vlan_tci=0x0000/0x1fff,dl_src=8e:c9:48:94:bb:bb,dl_dst=96:29:36:91:e8:83,arp_spa=10.0.0.11,arp_tpa=10.0.0.3,arp_op=1 actions=output:1
 cookie=0x0, duration=2.278s, table=0, n_packets=1, n_bytes=42, idle_timeout=10, hard_timeout=30, reset_counts priority=65535,arp,in_port=3,vlan_tci=0x0000/0x1fff,dl_src=46:89:81:ce:4d:40,dl_dst=96:29:36:91:e8:83,arp_spa=10.0.0.10,arp_tpa=10.0.0.3,arp_op=1 actions=output:1
 cookie=0x0, duration=2.235s, table=0, n_packets=1, n_bytes=42, idle_timeout=10, hard_timeout=30, reset_counts priority=65535,arp,in_port=3,vlan_tci=0x0000/0x1fff,dl_src=ce:eb:b4:05:65:2d,dl_dst=96:29:36:91:e8:83,arp_spa=10.0.0.12,arp_tpa=10.0.0.3,arp_op=1 actions=output:1
 cookie=0x0, duration=2.231s, table=0, n_packets=1, n_bytes=42, idle_timeout=10, hard_timeout=30, reset_counts priority=65535,arp,in_port=2,vlan_tci=0x0000/0x1fff,dl_src=5e:e3:35:b1:c1:10,dl_dst=e2:8b:7b:29:49:e5,arp_spa=10.0.0.5,arp_tpa=10.0.0.4,arp_op=1 actions=output:1
 cookie=0x0, duration=2.227s, table=0, n_packets=1, n_bytes=42, idle_timeout=10, hard_timeout=30, reset_counts priority=65535,arp,in_port=2,vlan_tci=0x0000/0x1fff,dl_src=1a:fa:f8:17:ba:de,dl_dst=e2:8b:7b:29:49:e5,arp_spa=10.0.0.7,arp_tpa=10.0.0.4,arp_op=1 actions=output:1
 cookie=0x0, duration=2.226s, table=0, n_packets=1, n_bytes=42, idle_timeout=10, hard_timeout=30, reset_counts priority=65535,arp,in_port=2,vlan_tci=0x0000/0x1fff,dl_src=12:0b:53:5f:32:a2,dl_dst=e2:8b:7b:29:49:e5,arp_spa=10.0.0.6,arp_tpa=10.0.0.4,arp_op=1 actions=output:1
 cookie=0x0, duration=2.223s, table=0, n_packets=1, n_bytes=42, idle_timeout=10, hard_timeout=30, reset_counts priority=65535,arp,in_port=2,vlan_tci=0x0000/0x1fff,dl_src=12:0b:53:5f:32:a2,dl_dst=96:29:36:91:e8:83,arp_spa=10.0.0.6,arp_tpa=10.0.0.3,arp_op=1 actions=output:1
 cookie=0x0, duration=2.219s, table=0, n_packets=1, n_bytes=42, idle_timeout=10, hard_timeout=30, reset_counts priority=65535,arp,in_port=2,vlan_tci=0x0000/0x1fff,dl_src=e2:dc:40:32:1f:4c,dl_dst=e2:8b:7b:29:49:e5,arp_spa=10.0.0.8,arp_tpa=10.0.0.4,arp_op=1 actions=output:1
 cookie=0x0, duration=2.216s, table=0, n_packets=1, n_bytes=42, idle_timeout=10, hard_timeout=30, reset_counts priority=65535,arp,in_port=2,vlan_tci=0x0000/0x1fff,dl_src=e2:dc:40:32:1f:4c,dl_dst=96:29:36:91:e8:83,arp_spa=10.0.0.8,arp_tpa=10.0.0.3,arp_op=1 actions=output:1
 cookie=0x0, duration=2.213s, table=0, n_packets=1, n_bytes=42, idle_timeout=10, hard_timeout=30, reset_counts priority=65535,arp,in_port=2,vlan_tci=0x0000/0x1fff,dl_src=1a:fa:f8:17:ba:de,dl_dst=96:29:36:91:e8:83,arp_spa=10.0.0.7,arp_tpa=10.0.0.3,arp_op=1 actions=output:1
 cookie=0x0, duration=2.211s, table=0, n_packets=1, n_bytes=42, idle_timeout=10, hard_timeout=30, reset_counts priority=65535,arp,in_port=2,vlan_tci=0x0000/0x1fff,dl_src=5e:e3:35:b1:c1:10,dl_dst=96:29:36:91:e8:83,arp_spa=10.0.0.5,arp_tpa=10.0.0.3,arp_op=1 actions=output:1
 cookie=0x0, duration=2.182s, table=0, n_packets=1, n_bytes=42, idle_timeout=10, hard_timeout=30, reset_counts priority=65535,arp,in_port=4,vlan_tci=0x0000/0x1fff,dl_src=8e:59:1e:55:78:f6,dl_dst=96:29:36:91:e8:83,arp_spa=10.0.0.15,arp_tpa=10.0.0.3,arp_op=1 actions=output:1
 cookie=0x0, duration=2.182s, table=0, n_packets=1, n_bytes=42, idle_timeout=10, hard_timeout=30, reset_counts priority=65535,arp,in_port=4,vlan_tci=0x0000/0x1fff,dl_src=72:72:90:9f:88:02,dl_dst=96:29:36:91:e8:83,arp_spa=10.0.0.14,arp_tpa=10.0.0.3,arp_op=1 actions=output:1
 cookie=0x0, duration=2.182s, table=0, n_packets=1, n_bytes=42, idle_timeout=10, hard_timeout=30, reset_counts priority=65535,arp,in_port=4,vlan_tci=0x0000/0x1fff,dl_src=ae:0a:e8:79:de:b1,dl_dst=96:29:36:91:e8:83,arp_spa=10.0.0.13,arp_tpa=10.0.0.3,arp_op=1 actions=output:1
 cookie=0x0, duration=2.182s, table=0, n_packets=1, n_bytes=42, idle_timeout=10, hard_timeout=30, reset_counts priority=65535,arp,in_port=4,vlan_tci=0x0000/0x1fff,dl_src=6e:16:39:bf:be:ef,dl_dst=96:29:36:91:e8:83,arp_spa=10.0.0.16,arp_tpa=10.0.0.3,arp_op=1 actions=output:1
 cookie=0x0, duration=2.028s, table=0, n_packets=1, n_bytes=42, idle_timeout=10, hard_timeout=30, reset_counts priority=65535,arp,in_port=3,vlan_tci=0x0000/0x1fff,dl_src=46:89:81:ce:4d:40,dl_dst=5e:e3:35:b1:c1:10,arp_spa=10.0.0.10,arp_tpa=10.0.0.5,arp_op=1 actions=output:2
 cookie=0x0, duration=2.027s, table=0, n_packets=1, n_bytes=42, idle_timeout=10, hard_timeout=30, reset_counts priority=65535,arp,in_port=3,vlan_tci=0x0000/0x1fff,dl_src=c6:8f:29:88:35:d6,dl_dst=5e:e3:35:b1:c1:10,arp_spa=10.0.0.9,arp_tpa=10.0.0.5,arp_op=1 actions=output:2
 cookie=0x0, duration=2.027s, table=0, n_packets=1, n_bytes=42, idle_timeout=10, hard_timeout=30, reset_counts priority=65535,arp,in_port=3,vlan_tci=0x0000/0x1fff,dl_src=46:89:81:ce:4d:40,dl_dst=e2:8b:7b:29:49:e5,arp_spa=10.0.0.10,arp_tpa=10.0.0.4,arp_op=1 actions=output:1
 cookie=0x0, duration=2.025s, table=0, n_packets=1, n_bytes=42, idle_timeout=10, hard_timeout=30, reset_counts priority=65535,arp,in_port=3,vlan_tci=0x0000/0x1fff,dl_src=ce:eb:b4:05:65:2d,dl_dst=5e:e3:35:b1:c1:10,arp_spa=10.0.0.12,arp_tpa=10.0.0.5,arp_op=1 actions=output:2
 cookie=0x0, duration=2.024s, table=0, n_packets=1, n_bytes=42, idle_timeout=10, hard_timeout=30, reset_counts priority=65535,arp,in_port=3,vlan_tci=0x0000/0x1fff,dl_src=8e:c9:48:94:bb:bb,dl_dst=5e:e3:35:b1:c1:10,arp_spa=10.0.0.11,arp_tpa=10.0.0.5,arp_op=1 actions=output:2
 cookie=0x0, duration=2.023s, table=0, n_packets=1, n_bytes=42, idle_timeout=10, hard_timeout=30, reset_counts priority=65535,arp,in_port=3,vlan_tci=0x0000/0x1fff,dl_src=8e:c9:48:94:bb:bb,dl_dst=e2:8b:7b:29:49:e5,arp_spa=10.0.0.11,arp_tpa=10.0.0.4,arp_op=1 actions=output:1
 cookie=0x0, duration=2.020s, table=0, n_packets=1, n_bytes=42, idle_timeout=10, hard_timeout=30, reset_counts priority=65535,arp,in_port=3,vlan_tci=0x0000/0x1fff,dl_src=ce:eb:b4:05:65:2d,dl_dst=e2:8b:7b:29:49:e5,arp_spa=10.0.0.12,arp_tpa=10.0.0.4,arp_op=1 actions=output:1
 cookie=0x0, duration=1.992s, table=0, n_packets=1, n_bytes=42, idle_timeout=10, hard_timeout=30, reset_counts priority=65535,arp,in_port=3,vlan_tci=0x0000/0x1fff,dl_src=c6:8f:29:88:35:d6,dl_dst=e2:8b:7b:29:49:e5,arp_spa=10.0.0.9,arp_tpa=10.0.0.4,arp_op=1 actions=output:1
 cookie=0x0, duration=1.986s, table=0, n_packets=1, n_bytes=42, idle_timeout=10, hard_timeout=30, reset_counts priority=65535,arp,in_port=4,vlan_tci=0x0000/0x1fff,dl_src=8e:59:1e:55:78:f6,dl_dst=e2:8b:7b:29:49:e5,arp_spa=10.0.0.15,arp_tpa=10.0.0.4,arp_op=1 actions=output:1
 cookie=0x0, duration=1.985s, table=0, n_packets=1, n_bytes=42, idle_timeout=10, hard_timeout=30, reset_counts priority=65535,arp,in_port=4,vlan_tci=0x0000/0x1fff,dl_src=ae:0a:e8:79:de:b1,dl_dst=5e:e3:35:b1:c1:10,arp_spa=10.0.0.13,arp_tpa=10.0.0.5,arp_op=1 actions=output:2
 cookie=0x0, duration=1.985s, table=0, n_packets=1, n_bytes=42, idle_timeout=10, hard_timeout=30, reset_counts priority=65535,arp,in_port=4,vlan_tci=0x0000/0x1fff,dl_src=72:72:90:9f:88:02,dl_dst=5e:e3:35:b1:c1:10,arp_spa=10.0.0.14,arp_tpa=10.0.0.5,arp_op=1 actions=output:2
 cookie=0x0, duration=1.985s, table=0, n_packets=1, n_bytes=42, idle_timeout=10, hard_timeout=30, reset_counts priority=65535,arp,in_port=4,vlan_tci=0x0000/0x1fff,dl_src=6e:16:39:bf:be:ef,dl_dst=e2:8b:7b:29:49:e5,arp_spa=10.0.0.16,arp_tpa=10.0.0.4,arp_op=1 actions=output:1
 cookie=0x0, duration=1.983s, table=0, n_packets=1, n_bytes=42, idle_timeout=10, hard_timeout=30, reset_counts priority=65535,arp,in_port=4,vlan_tci=0x0000/0x1fff,dl_src=72:72:90:9f:88:02,dl_dst=e2:8b:7b:29:49:e5,arp_spa=10.0.0.14,arp_tpa=10.0.0.4,arp_op=1 actions=output:1
 cookie=0x0, duration=1.950s, table=0, n_packets=1, n_bytes=42, idle_timeout=10, hard_timeout=30, reset_counts priority=65535,arp,in_port=4,vlan_tci=0x0000/0x1fff,dl_src=ae:0a:e8:79:de:b1,dl_dst=e2:8b:7b:29:49:e5,arp_spa=10.0.0.13,arp_tpa=10.0.0.4,arp_op=1 actions=output:1
 cookie=0x0, duration=1.775s, table=0, n_packets=1, n_bytes=42, idle_timeout=10, hard_timeout=30, reset_counts priority=65535,arp,in_port=3,vlan_tci=0x0000/0x1fff,dl_src=8e:c9:48:94:bb:bb,dl_dst=12:0b:53:5f:32:a2,arp_spa=10.0.0.11,arp_tpa=10.0.0.6,arp_op=1 actions=output:2
 cookie=0x0, duration=1.774s, table=0, n_packets=1, n_bytes=42, idle_timeout=10, hard_timeout=30, reset_counts priority=65535,arp,in_port=3,vlan_tci=0x0000/0x1fff,dl_src=ce:eb:b4:05:65:2d,dl_dst=12:0b:53:5f:32:a2,arp_spa=10.0.0.12,arp_tpa=10.0.0.6,arp_op=1 actions=output:2
 cookie=0x0, duration=1.771s, table=0, n_packets=1, n_bytes=42, idle_timeout=10, hard_timeout=30, reset_counts priority=65535,arp,in_port=3,vlan_tci=0x0000/0x1fff,dl_src=c6:8f:29:88:35:d6,dl_dst=12:0b:53:5f:32:a2,arp_spa=10.0.0.9,arp_tpa=10.0.0.6,arp_op=1 actions=output:2
 cookie=0x0, duration=1.744s, table=0, n_packets=1, n_bytes=42, idle_timeout=10, hard_timeout=30, reset_counts priority=65535,arp,in_port=3,vlan_tci=0x0000/0x1fff,dl_src=46:89:81:ce:4d:40,dl_dst=12:0b:53:5f:32:a2,arp_spa=10.0.0.10,arp_tpa=10.0.0.6,arp_op=1 actions=output:2
 cookie=0x0, duration=1.742s, table=0, n_packets=1, n_bytes=42, idle_timeout=10, hard_timeout=30, reset_counts priority=65535,arp,in_port=4,vlan_tci=0x0000/0x1fff,dl_src=72:72:90:9f:88:02,dl_dst=12:0b:53:5f:32:a2,arp_spa=10.0.0.14,arp_tpa=10.0.0.6,arp_op=1 actions=output:2
 cookie=0x0, duration=1.738s, table=0, n_packets=1, n_bytes=42, idle_timeout=10, hard_timeout=30, reset_counts priority=65535,arp,in_port=4,vlan_tci=0x0000/0x1fff,dl_src=ae:0a:e8:79:de:b1,dl_dst=12:0b:53:5f:32:a2,arp_spa=10.0.0.13,arp_tpa=10.0.0.6,arp_op=1 actions=output:2
 cookie=0x0, duration=1.735s, table=0, n_packets=1, n_bytes=42, idle_timeout=10, hard_timeout=30, reset_counts priority=65535,arp,in_port=4,vlan_tci=0x0000/0x1fff,dl_src=6e:16:39:bf:be:ef,dl_dst=5e:e3:35:b1:c1:10,arp_spa=10.0.0.16,arp_tpa=10.0.0.5,arp_op=1 actions=output:2
 cookie=0x0, duration=1.726s, table=0, n_packets=1, n_bytes=42, idle_timeout=10, hard_timeout=30, reset_counts priority=65535,arp,in_port=4,vlan_tci=0x0000/0x1fff,dl_src=6e:16:39:bf:be:ef,dl_dst=12:0b:53:5f:32:a2,arp_spa=10.0.0.16,arp_tpa=10.0.0.6,arp_op=1 actions=output:2
 cookie=0x0, duration=1.726s, table=0, n_packets=1, n_bytes=42, idle_timeout=10, hard_timeout=30, reset_counts priority=65535,arp,in_port=4,vlan_tci=0x0000/0x1fff,dl_src=8e:59:1e:55:78:f6,dl_dst=12:0b:53:5f:32:a2,arp_spa=10.0.0.15,arp_tpa=10.0.0.6,arp_op=1 actions=output:2
 cookie=0x0, duration=1.702s, table=0, n_packets=1, n_bytes=42, idle_timeout=10, hard_timeout=30, reset_counts priority=65535,arp,in_port=4,vlan_tci=0x0000/0x1fff,dl_src=8e:59:1e:55:78:f6,dl_dst=5e:e3:35:b1:c1:10,arp_spa=10.0.0.15,arp_tpa=10.0.0.5,arp_op=1 actions=output:2
 cookie=0x0, duration=1.515s, table=0, n_packets=1, n_bytes=42, idle_timeout=10, hard_timeout=30, reset_counts priority=65535,arp,in_port=3,vlan_tci=0x0000/0x1fff,dl_src=c6:8f:29:88:35:d6,dl_dst=e2:dc:40:32:1f:4c,arp_spa=10.0.0.9,arp_tpa=10.0.0.8,arp_op=1 actions=output:2
 cookie=0x0, duration=1.513s, table=0, n_packets=1, n_bytes=42, idle_timeout=10, hard_timeout=30, reset_counts priority=65535,arp,in_port=3,vlan_tci=0x0000/0x1fff,dl_src=8e:c9:48:94:bb:bb,dl_dst=1a:fa:f8:17:ba:de,arp_spa=10.0.0.11,arp_tpa=10.0.0.7,arp_op=1 actions=output:2
 cookie=0x0, duration=1.511s, table=0, n_packets=1, n_bytes=42, idle_timeout=10, hard_timeout=30, reset_counts priority=65535,arp,in_port=3,vlan_tci=0x0000/0x1fff,dl_src=ce:eb:b4:05:65:2d,dl_dst=1a:fa:f8:17:ba:de,arp_spa=10.0.0.12,arp_tpa=10.0.0.7,arp_op=1 actions=output:2
 cookie=0x0, duration=1.508s, table=0, n_packets=1, n_bytes=42, idle_timeout=10, hard_timeout=30, reset_counts priority=65535,arp,in_port=3,vlan_tci=0x0000/0x1fff,dl_src=8e:c9:48:94:bb:bb,dl_dst=e2:dc:40:32:1f:4c,arp_spa=10.0.0.11,arp_tpa=10.0.0.8,arp_op=1 actions=output:2
 cookie=0x0, duration=1.506s, table=0, n_packets=1, n_bytes=42, idle_timeout=10, hard_timeout=30, reset_counts priority=65535,arp,in_port=3,vlan_tci=0x0000/0x1fff,dl_src=46:89:81:ce:4d:40,dl_dst=e2:dc:40:32:1f:4c,arp_spa=10.0.0.10,arp_tpa=10.0.0.8,arp_op=1 actions=output:2
 cookie=0x0, duration=1.506s, table=0, n_packets=1, n_bytes=42, idle_timeout=10, hard_timeout=30, reset_counts priority=65535,arp,in_port=3,vlan_tci=0x0000/0x1fff,dl_src=46:89:81:ce:4d:40,dl_dst=1a:fa:f8:17:ba:de,arp_spa=10.0.0.10,arp_tpa=10.0.0.7,arp_op=1 actions=output:2
 cookie=0x0, duration=1.494s, table=0, n_packets=1, n_bytes=42, idle_timeout=10, hard_timeout=30, reset_counts priority=65535,arp,in_port=3,vlan_tci=0x0000/0x1fff,dl_src=c6:8f:29:88:35:d6,dl_dst=1a:fa:f8:17:ba:de,arp_spa=10.0.0.9,arp_tpa=10.0.0.7,arp_op=1 actions=output:2
 cookie=0x0, duration=1.491s, table=0, n_packets=1, n_bytes=42, idle_timeout=10, hard_timeout=30, reset_counts priority=65535,arp,in_port=4,vlan_tci=0x0000/0x1fff,dl_src=8e:59:1e:55:78:f6,dl_dst=1a:fa:f8:17:ba:de,arp_spa=10.0.0.15,arp_tpa=10.0.0.7,arp_op=1 actions=output:2
 cookie=0x0, duration=1.490s, table=0, n_packets=1, n_bytes=42, idle_timeout=10, hard_timeout=30, reset_counts priority=65535,arp,in_port=4,vlan_tci=0x0000/0x1fff,dl_src=72:72:90:9f:88:02,dl_dst=1a:fa:f8:17:ba:de,arp_spa=10.0.0.14,arp_tpa=10.0.0.7,arp_op=1 actions=output:2
 cookie=0x0, duration=1.472s, table=0, n_packets=1, n_bytes=42, idle_timeout=10, hard_timeout=30, reset_counts priority=65535,arp,in_port=4,vlan_tci=0x0000/0x1fff,dl_src=ae:0a:e8:79:de:b1,dl_dst=1a:fa:f8:17:ba:de,arp_spa=10.0.0.13,arp_tpa=10.0.0.7,arp_op=1 actions=output:2
 cookie=0x0, duration=1.469s, table=0, n_packets=1, n_bytes=42, idle_timeout=10, hard_timeout=30, reset_counts priority=65535,arp,in_port=4,vlan_tci=0x0000/0x1fff,dl_src=6e:16:39:bf:be:ef,dl_dst=1a:fa:f8:17:ba:de,arp_spa=10.0.0.16,arp_tpa=10.0.0.7,arp_op=1 actions=output:2
 cookie=0x0, duration=1.235s, table=0, n_packets=1, n_bytes=42, idle_timeout=10, hard_timeout=30, reset_counts priority=65535,arp,in_port=3,vlan_tci=0x0000/0x1fff,dl_src=ce:eb:b4:05:65:2d,dl_dst=e2:dc:40:32:1f:4c,arp_spa=10.0.0.12,arp_tpa=10.0.0.8,arp_op=1 actions=output:2
 cookie=0x0, duration=1.232s, table=0, n_packets=1, n_bytes=42, idle_timeout=10, hard_timeout=30, reset_counts priority=65535,arp,in_port=4,vlan_tci=0x0000/0x1fff,dl_src=ae:0a:e8:79:de:b1,dl_dst=c6:8f:29:88:35:d6,arp_spa=10.0.0.13,arp_tpa=10.0.0.9,arp_op=1 actions=output:3
 cookie=0x0, duration=1.228s, table=0, n_packets=1, n_bytes=42, idle_timeout=10, hard_timeout=30, reset_counts priority=65535,arp,in_port=4,vlan_tci=0x0000/0x1fff,dl_src=6e:16:39:bf:be:ef,dl_dst=e2:dc:40:32:1f:4c,arp_spa=10.0.0.16,arp_tpa=10.0.0.8,arp_op=1 actions=output:2
 cookie=0x0, duration=1.227s, table=0, n_packets=1, n_bytes=42, idle_timeout=10, hard_timeout=30, reset_counts priority=65535,arp,in_port=4,vlan_tci=0x0000/0x1fff,dl_src=ae:0a:e8:79:de:b1,dl_dst=e2:dc:40:32:1f:4c,arp_spa=10.0.0.13,arp_tpa=10.0.0.8,arp_op=1 actions=output:2
 cookie=0x0, duration=1.226s, table=0, n_packets=1, n_bytes=42, idle_timeout=10, hard_timeout=30, reset_counts priority=65535,arp,in_port=4,vlan_tci=0x0000/0x1fff,dl_src=72:72:90:9f:88:02,dl_dst=e2:dc:40:32:1f:4c,arp_spa=10.0.0.14,arp_tpa=10.0.0.8,arp_op=1 actions=output:2
 cookie=0x0, duration=1.222s, table=0, n_packets=1, n_bytes=42, idle_timeout=10, hard_timeout=30, reset_counts priority=65535,arp,in_port=4,vlan_tci=0x0000/0x1fff,dl_src=8e:59:1e:55:78:f6,dl_dst=c6:8f:29:88:35:d6,arp_spa=10.0.0.15,arp_tpa=10.0.0.9,arp_op=1 actions=output:3
 cookie=0x0, duration=1.222s, table=0, n_packets=1, n_bytes=42, idle_timeout=10, hard_timeout=30, reset_counts priority=65535,arp,in_port=4,vlan_tci=0x0000/0x1fff,dl_src=72:72:90:9f:88:02,dl_dst=c6:8f:29:88:35:d6,arp_spa=10.0.0.14,arp_tpa=10.0.0.9,arp_op=1 actions=output:3
 cookie=0x0, duration=1.217s, table=0, n_packets=1, n_bytes=42, idle_timeout=10, hard_timeout=30, reset_counts priority=65535,arp,in_port=4,vlan_tci=0x0000/0x1fff,dl_src=8e:59:1e:55:78:f6,dl_dst=e2:dc:40:32:1f:4c,arp_spa=10.0.0.15,arp_tpa=10.0.0.8,arp_op=1 actions=output:2
 cookie=0x0, duration=0.985s, table=0, n_packets=1, n_bytes=42, idle_timeout=10, hard_timeout=30, reset_counts priority=65535,arp,in_port=4,vlan_tci=0x0000/0x1fff,dl_src=6e:16:39:bf:be:ef,dl_dst=c6:8f:29:88:35:d6,arp_spa=10.0.0.16,arp_tpa=10.0.0.9,arp_op=1 actions=output:3
 cookie=0x0, duration=0.983s, table=0, n_packets=1, n_bytes=42, idle_timeout=10, hard_timeout=30, reset_counts priority=65535,arp,in_port=4,vlan_tci=0x0000/0x1fff,dl_src=72:72:90:9f:88:02,dl_dst=46:89:81:ce:4d:40,arp_spa=10.0.0.14,arp_tpa=10.0.0.10,arp_op=1 actions=output:3
 cookie=0x0, duration=0.982s, table=0, n_packets=1, n_bytes=42, idle_timeout=10, hard_timeout=30, reset_counts priority=65535,arp,in_port=4,vlan_tci=0x0000/0x1fff,dl_src=6e:16:39:bf:be:ef,dl_dst=46:89:81:ce:4d:40,arp_spa=10.0.0.16,arp_tpa=10.0.0.10,arp_op=1 actions=output:3
 cookie=0x0, duration=0.979s, table=0, n_packets=1, n_bytes=42, idle_timeout=10, hard_timeout=30, reset_counts priority=65535,arp,in_port=4,vlan_tci=0x0000/0x1fff,dl_src=8e:59:1e:55:78:f6,dl_dst=46:89:81:ce:4d:40,arp_spa=10.0.0.15,arp_tpa=10.0.0.10,arp_op=1 actions=output:3
 cookie=0x0, duration=0.974s, table=0, n_packets=1, n_bytes=42, idle_timeout=10, hard_timeout=30, reset_counts priority=65535,arp,in_port=4,vlan_tci=0x0000/0x1fff,dl_src=ae:0a:e8:79:de:b1,dl_dst=46:89:81:ce:4d:40,arp_spa=10.0.0.13,arp_tpa=10.0.0.10,arp_op=1 actions=output:3
 cookie=0x0, duration=0.724s, table=0, n_packets=1, n_bytes=42, idle_timeout=10, hard_timeout=30, reset_counts priority=65535,arp,in_port=4,vlan_tci=0x0000/0x1fff,dl_src=6e:16:39:bf:be:ef,dl_dst=ce:eb:b4:05:65:2d,arp_spa=10.0.0.16,arp_tpa=10.0.0.12,arp_op=1 actions=output:3
 cookie=0x0, duration=0.724s, table=0, n_packets=1, n_bytes=42, idle_timeout=10, hard_timeout=30, reset_counts priority=65535,arp,in_port=4,vlan_tci=0x0000/0x1fff,dl_src=6e:16:39:bf:be:ef,dl_dst=8e:c9:48:94:bb:bb,arp_spa=10.0.0.16,arp_tpa=10.0.0.11,arp_op=1 actions=output:3
 cookie=0x0, duration=0.724s, table=0, n_packets=1, n_bytes=42, idle_timeout=10, hard_timeout=30, reset_counts priority=65535,arp,in_port=4,vlan_tci=0x0000/0x1fff,dl_src=8e:59:1e:55:78:f6,dl_dst=ce:eb:b4:05:65:2d,arp_spa=10.0.0.15,arp_tpa=10.0.0.12,arp_op=1 actions=output:3
 cookie=0x0, duration=0.722s, table=0, n_packets=1, n_bytes=42, idle_timeout=10, hard_timeout=30, reset_counts priority=65535,arp,in_port=4,vlan_tci=0x0000/0x1fff,dl_src=ae:0a:e8:79:de:b1,dl_dst=ce:eb:b4:05:65:2d,arp_spa=10.0.0.13,arp_tpa=10.0.0.12,arp_op=1 actions=output:3
 cookie=0x0, duration=0.720s, table=0, n_packets=1, n_bytes=42, idle_timeout=10, hard_timeout=30, reset_counts priority=65535,arp,in_port=4,vlan_tci=0x0000/0x1fff,dl_src=ae:0a:e8:79:de:b1,dl_dst=8e:c9:48:94:bb:bb,arp_spa=10.0.0.13,arp_tpa=10.0.0.11,arp_op=1 actions=output:3
 cookie=0x0, duration=0.717s, table=0, n_packets=1, n_bytes=42, idle_timeout=10, hard_timeout=30, reset_counts priority=65535,arp,in_port=4,vlan_tci=0x0000/0x1fff,dl_src=8e:59:1e:55:78:f6,dl_dst=8e:c9:48:94:bb:bb,arp_spa=10.0.0.15,arp_tpa=10.0.0.11,arp_op=1 actions=output:3
 cookie=0x0, duration=0.716s, table=0, n_packets=1, n_bytes=42, idle_timeout=10, hard_timeout=30, reset_counts priority=65535,arp,in_port=4,vlan_tci=0x0000/0x1fff,dl_src=72:72:90:9f:88:02,dl_dst=ce:eb:b4:05:65:2d,arp_spa=10.0.0.14,arp_tpa=10.0.0.12,arp_op=1 actions=output:3
 cookie=0x0, duration=0.700s, table=0, n_packets=1, n_bytes=42, idle_timeout=10, hard_timeout=30, reset_counts priority=65535,arp,in_port=4,vlan_tci=0x0000/0x1fff,dl_src=72:72:90:9f:88:02,dl_dst=8e:c9:48:94:bb:bb,arp_spa=10.0.0.14,arp_tpa=10.0.0.11,arp_op=1 actions=output:3
 cookie=0x0, duration=5.903s, table=0, n_packets=1, n_bytes=42, idle_timeout=10, hard_timeout=30, reset_counts priority=65535,arp,in_port=3,vlan_tci=0x0000/0x1fff,dl_src=ce:eb:b4:05:65:2d,dl_dst=b2:91:f2:c0:af:d9,arp_spa=10.0.0.12,arp_tpa=10.0.0.1,arp_op=1 actions=output:1
 cookie=0x0, duration=5.902s, table=0, n_packets=1, n_bytes=42, idle_timeout=10, hard_timeout=30, reset_counts priority=65535,arp,in_port=3,vlan_tci=0x0000/0x1fff,dl_src=46:89:81:ce:4d:40,dl_dst=b2:91:f2:c0:af:d9,arp_spa=10.0.0.10,arp_tpa=10.0.0.1,arp_op=1 actions=output:1
 cookie=0x0, duration=5.901s, table=0, n_packets=1, n_bytes=42, idle_timeout=10, hard_timeout=30, reset_counts priority=65535,arp,in_port=3,vlan_tci=0x0000/0x1fff,dl_src=c6:8f:29:88:35:d6,dl_dst=b2:91:f2:c0:af:d9,arp_spa=10.0.0.9,arp_tpa=10.0.0.1,arp_op=1 actions=output:1
 cookie=0x0, duration=5.891s, table=0, n_packets=1, n_bytes=42, idle_timeout=10, hard_timeout=30, reset_counts priority=65535,arp,in_port=3,vlan_tci=0x0000/0x1fff,dl_src=8e:c9:48:94:bb:bb,dl_dst=b2:91:f2:c0:af:d9,arp_spa=10.0.0.11,arp_tpa=10.0.0.1,arp_op=1 actions=output:1
 cookie=0x0, duration=5.891s, table=0, n_packets=1, n_bytes=42, idle_timeout=10, hard_timeout=30, reset_counts priority=65535,arp,in_port=2,vlan_tci=0x0000/0x1fff,dl_src=12:0b:53:5f:32:a2,dl_dst=b2:91:f2:c0:af:d9,arp_spa=10.0.0.6,arp_tpa=10.0.0.1,arp_op=1 actions=output:1
 cookie=0x0, duration=5.890s, table=0, n_packets=1, n_bytes=42, idle_timeout=10, hard_timeout=30, reset_counts priority=65535,arp,in_port=2,vlan_tci=0x0000/0x1fff,dl_src=5e:e3:35:b1:c1:10,dl_dst=b2:91:f2:c0:af:d9,arp_spa=10.0.0.5,arp_tpa=10.0.0.1,arp_op=1 actions=output:1
 cookie=0x0, duration=5.890s, table=0, n_packets=1, n_bytes=42, idle_timeout=10, hard_timeout=30, reset_counts priority=65535,arp,in_port=2,vlan_tci=0x0000/0x1fff,dl_src=e2:dc:40:32:1f:4c,dl_dst=b2:91:f2:c0:af:d9,arp_spa=10.0.0.8,arp_tpa=10.0.0.1,arp_op=1 actions=output:1
 cookie=0x0, duration=5.889s, table=0, n_packets=1, n_bytes=42, idle_timeout=10, hard_timeout=30, reset_counts priority=65535,arp,in_port=2,vlan_tci=0x0000/0x1fff,dl_src=1a:fa:f8:17:ba:de,dl_dst=b2:91:f2:c0:af:d9,arp_spa=10.0.0.7,arp_tpa=10.0.0.1,arp_op=1 actions=output:1
 cookie=0x0, duration=5.638s, table=0, n_packets=1, n_bytes=42, idle_timeout=10, hard_timeout=30, reset_counts priority=65535,arp,in_port=3,vlan_tci=0x0000/0x1fff,dl_src=8e:c9:48:94:bb:bb,dl_dst=96:a6:9c:a8:bf:b4,arp_spa=10.0.0.11,arp_tpa=10.0.0.2,arp_op=1 actions=output:1
 cookie=0x0, duration=5.636s, table=0, n_packets=1, n_bytes=42, idle_timeout=10, hard_timeout=30, reset_counts priority=65535,arp,in_port=3,vlan_tci=0x0000/0x1fff,dl_src=46:89:81:ce:4d:40,dl_dst=96:a6:9c:a8:bf:b4,arp_spa=10.0.0.10,arp_tpa=10.0.0.2,arp_op=1 actions=output:1
 cookie=0x0, duration=5.634s, table=0, n_packets=1, n_bytes=42, idle_timeout=10, hard_timeout=30, reset_counts priority=65535,arp,in_port=3,vlan_tci=0x0000/0x1fff,dl_src=ce:eb:b4:05:65:2d,dl_dst=96:a6:9c:a8:bf:b4,arp_spa=10.0.0.12,arp_tpa=10.0.0.2,arp_op=1 actions=output:1
 cookie=0x0, duration=5.595s, table=0, n_packets=1, n_bytes=42, idle_timeout=10, hard_timeout=30, reset_counts priority=65535,arp,in_port=3,vlan_tci=0x0000/0x1fff,dl_src=c6:8f:29:88:35:d6,dl_dst=96:a6:9c:a8:bf:b4,arp_spa=10.0.0.9,arp_tpa=10.0.0.2,arp_op=1 actions=output:1
 cookie=0x0, duration=5.593s, table=0, n_packets=1, n_bytes=42, idle_timeout=10, hard_timeout=30, reset_counts priority=65535,arp,in_port=2,vlan_tci=0x0000/0x1fff,dl_src=5e:e3:35:b1:c1:10,dl_dst=96:a6:9c:a8:bf:b4,arp_spa=10.0.0.5,arp_tpa=10.0.0.2,arp_op=1 actions=output:1
 cookie=0x0, duration=5.591s, table=0, n_packets=1, n_bytes=42, idle_timeout=10, hard_timeout=30, reset_counts priority=65535,arp,in_port=2,vlan_tci=0x0000/0x1fff,dl_src=12:0b:53:5f:32:a2,dl_dst=96:a6:9c:a8:bf:b4,arp_spa=10.0.0.6,arp_tpa=10.0.0.2,arp_op=1 actions=output:1
 cookie=0x0, duration=5.579s, table=0, n_packets=1, n_bytes=42, idle_timeout=10, hard_timeout=30, reset_counts priority=65535,arp,in_port=2,vlan_tci=0x0000/0x1fff,dl_src=e2:dc:40:32:1f:4c,dl_dst=96:a6:9c:a8:bf:b4,arp_spa=10.0.0.8,arp_tpa=10.0.0.2,arp_op=1 actions=output:1
 cookie=0x0, duration=5.578s, table=0, n_packets=1, n_bytes=42, idle_timeout=10, hard_timeout=30, reset_counts priority=65535,arp,in_port=2,vlan_tci=0x0000/0x1fff,dl_src=1a:fa:f8:17:ba:de,dl_dst=96:a6:9c:a8:bf:b4,arp_spa=10.0.0.7,arp_tpa=10.0.0.2,arp_op=1 actions=output:1
 cookie=0x0, duration=5.577s, table=0, n_packets=1, n_bytes=42, idle_timeout=10, hard_timeout=30, reset_counts priority=65535,arp,in_port=4,vlan_tci=0x0000/0x1fff,dl_src=ae:0a:e8:79:de:b1,dl_dst=b2:91:f2:c0:af:d9,arp_spa=10.0.0.13,arp_tpa=10.0.0.1,arp_op=1 actions=output:1
 cookie=0x0, duration=5.576s, table=0, n_packets=1, n_bytes=42, idle_timeout=10, hard_timeout=30, reset_counts priority=65535,arp,in_port=4,vlan_tci=0x0000/0x1fff,dl_src=8e:59:1e:55:78:f6,dl_dst=96:a6:9c:a8:bf:b4,arp_spa=10.0.0.15,arp_tpa=10.0.0.2,arp_op=1 actions=output:1
 cookie=0x0, duration=5.576s, table=0, n_packets=1, n_bytes=42, idle_timeout=10, hard_timeout=30, reset_counts priority=65535,arp,in_port=4,vlan_tci=0x0000/0x1fff,dl_src=6e:16:39:bf:be:ef,dl_dst=b2:91:f2:c0:af:d9,arp_spa=10.0.0.16,arp_tpa=10.0.0.1,arp_op=1 actions=output:1
 cookie=0x0, duration=5.575s, table=0, n_packets=1, n_bytes=42, idle_timeout=10, hard_timeout=30, reset_counts priority=65535,arp,in_port=4,vlan_tci=0x0000/0x1fff,dl_src=6e:16:39:bf:be:ef,dl_dst=96:a6:9c:a8:bf:b4,arp_spa=10.0.0.16,arp_tpa=10.0.0.2,arp_op=1 actions=output:1
 cookie=0x0, duration=5.575s, table=0, n_packets=1, n_bytes=42, idle_timeout=10, hard_timeout=30, reset_counts priority=65535,arp,in_port=4,vlan_tci=0x0000/0x1fff,dl_src=72:72:90:9f:88:02,dl_dst=96:a6:9c:a8:bf:b4,arp_spa=10.0.0.14,arp_tpa=10.0.0.2,arp_op=1 actions=output:1
 cookie=0x0, duration=5.573s, table=0, n_packets=1, n_bytes=42, idle_timeout=10, hard_timeout=30, reset_counts priority=65535,arp,in_port=4,vlan_tci=0x0000/0x1fff,dl_src=ae:0a:e8:79:de:b1,dl_dst=96:a6:9c:a8:bf:b4,arp_spa=10.0.0.13,arp_tpa=10.0.0.2,arp_op=1 actions=output:1
 cookie=0x0, duration=5.569s, table=0, n_packets=1, n_bytes=42, idle_timeout=10, hard_timeout=30, reset_counts priority=65535,arp,in_port=4,vlan_tci=0x0000/0x1fff,dl_src=8e:59:1e:55:78:f6,dl_dst=b2:91:f2:c0:af:d9,arp_spa=10.0.0.15,arp_tpa=10.0.0.1,arp_op=1 actions=output:1
 cookie=0x0, duration=5.538s, table=0, n_packets=1, n_bytes=42, idle_timeout=10, hard_timeout=30, reset_counts priority=65535,arp,in_port=4,vlan_tci=0x0000/0x1fff,dl_src=72:72:90:9f:88:02,dl_dst=b2:91:f2:c0:af:d9,arp_spa=10.0.0.14,arp_tpa=10.0.0.1,arp_op=1 actions=output:1
 cookie=0x0, duration=5.379s, table=0, n_packets=1, n_bytes=42, idle_timeout=10, hard_timeout=30, reset_counts priority=65535,arp,in_port=3,vlan_tci=0x0000/0x1fff,dl_src=c6:8f:29:88:35:d6,dl_dst=96:29:36:91:e8:83,arp_spa=10.0.0.9,arp_tpa=10.0.0.3,arp_op=1 actions=output:1
 cookie=0x0, duration=5.379s, table=0, n_packets=1, n_bytes=42, idle_timeout=10, hard_timeout=30, reset_counts priority=65535,arp,in_port=3,vlan_tci=0x0000/0x1fff,dl_src=8e:c9:48:94:bb:bb,dl_dst=96:29:36:91:e8:83,arp_spa=10.0.0.11,arp_tpa=10.0.0.3,arp_op=1 actions=output:1
 cookie=0x0, duration=5.377s, table=0, n_packets=1, n_bytes=42, idle_timeout=10, hard_timeout=30, reset_counts priority=65535,arp,in_port=3,vlan_tci=0x0000/0x1fff,dl_src=46:89:81:ce:4d:40,dl_dst=96:29:36:91:e8:83,arp_spa=10.0.0.10,arp_tpa=10.0.0.3,arp_op=1 actions=output:1
 cookie=0x0, duration=5.334s, table=0, n_packets=1, n_bytes=42, idle_timeout=10, hard_timeout=30, reset_counts priority=65535,arp,in_port=3,vlan_tci=0x0000/0x1fff,dl_src=ce:eb:b4:05:65:2d,dl_dst=96:29:36:91:e8:83,arp_spa=10.0.0.12,arp_tpa=10.0.0.3,arp_op=1 actions=output:1
 cookie=0x0, duration=5.330s, table=0, n_packets=1, n_bytes=42, idle_timeout=10, hard_timeout=30, reset_counts priority=65535,arp,in_port=2,vlan_tci=0x0000/0x1fff,dl_src=5e:e3:35:b1:c1:10,dl_dst=e2:8b:7b:29:49:e5,arp_spa=10.0.0.5,arp_tpa=10.0.0.4,arp_op=1 actions=output:1
 cookie=0x0, duration=5.326s, table=0, n_packets=1, n_bytes=42, idle_timeout=10, hard_timeout=30, reset_counts priority=65535,arp,in_port=2,vlan_tci=0x0000/0x1fff,dl_src=1a:fa:f8:17:ba:de,dl_dst=e2:8b:7b:29:49:e5,arp_spa=10.0.0.7,arp_tpa=10.0.0.4,arp_op=1 actions=output:1
 cookie=0x0, duration=5.325s, table=0, n_packets=1, n_bytes=42, idle_timeout=10, hard_timeout=30, reset_counts priority=65535,arp,in_port=2,vlan_tci=0x0000/0x1fff,dl_src=12:0b:53:5f:32:a2,dl_dst=e2:8b:7b:29:49:e5,arp_spa=10.0.0.6,arp_tpa=10.0.0.4,arp_op=1 actions=output:1
 cookie=0x0, duration=5.322s, table=0, n_packets=1, n_bytes=42, idle_timeout=10, hard_timeout=30, reset_counts priority=65535,arp,in_port=2,vlan_tci=0x0000/0x1fff,dl_src=12:0b:53:5f:32:a2,dl_dst=96:29:36:91:e8:83,arp_spa=10.0.0.6,arp_tpa=10.0.0.3,arp_op=1 actions=output:1
 cookie=0x0, duration=5.318s, table=0, n_packets=1, n_bytes=42, idle_timeout=10, hard_timeout=30, reset_counts priority=65535,arp,in_port=2,vlan_tci=0x0000/0x1fff,dl_src=e2:dc:40:32:1f:4c,dl_dst=e2:8b:7b:29:49:e5,arp_spa=10.0.0.8,arp_tpa=10.0.0.4,arp_op=1 actions=output:1
 cookie=0x0, duration=5.315s, table=0, n_packets=1, n_bytes=42, idle_timeout=10, hard_timeout=30, reset_counts priority=65535,arp,in_port=2,vlan_tci=0x0000/0x1fff,dl_src=e2:dc:40:32:1f:4c,dl_dst=96:29:36:91:e8:83,arp_spa=10.0.0.8,arp_tpa=10.0.0.3,arp_op=1 actions=output:1
 cookie=0x0, duration=5.312s, table=0, n_packets=1, n_bytes=42, idle_timeout=10, hard_timeout=30, reset_counts priority=65535,arp,in_port=2,vlan_tci=0x0000/0x1fff,dl_src=1a:fa:f8:17:ba:de,dl_dst=96:29:36:91:e8:83,arp_spa=10.0.0.7,arp_tpa=10.0.0.3,arp_op=1 actions=output:1
 cookie=0x0, duration=5.310s, table=0, n_packets=1, n_bytes=42, idle_timeout=10, hard_timeout=30, reset_counts priority=65535,arp,in_port=2,vlan_tci=0x0000/0x1fff,dl_src=5e:e3:35:b1:c1:10,dl_dst=96:29:36:91:e8:83,arp_spa=10.0.0.5,arp_tpa=10.0.0.3,arp_op=1 actions=output:1
 cookie=0x0, duration=5.281s, table=0, n_packets=1, n_bytes=42, idle_timeout=10, hard_timeout=30, reset_counts priority=65535,arp,in_port=4,vlan_tci=0x0000/0x1fff,dl_src=8e:59:1e:55:78:f6,dl_dst=96:29:36:91:e8:83,arp_spa=10.0.0.15,arp_tpa=10.0.0.3,arp_op=1 actions=output:1
 cookie=0x0, duration=5.281s, table=0, n_packets=1, n_bytes=42, idle_timeout=10, hard_timeout=30, reset_counts priority=65535,arp,in_port=4,vlan_tci=0x0000/0x1fff,dl_src=72:72:90:9f:88:02,dl_dst=96:29:36:91:e8:83,arp_spa=10.0.0.14,arp_tpa=10.0.0.3,arp_op=1 actions=output:1
 cookie=0x0, duration=5.281s, table=0, n_packets=1, n_bytes=42, idle_timeout=10, hard_timeout=30, reset_counts priority=65535,arp,in_port=4,vlan_tci=0x0000/0x1fff,dl_src=ae:0a:e8:79:de:b1,dl_dst=96:29:36:91:e8:83,arp_spa=10.0.0.13,arp_tpa=10.0.0.3,arp_op=1 actions=output:1
 cookie=0x0, duration=5.281s, table=0, n_packets=1, n_bytes=42, idle_timeout=10, hard_timeout=30, reset_counts priority=65535,arp,in_port=4,vlan_tci=0x0000/0x1fff,dl_src=6e:16:39:bf:be:ef,dl_dst=96:29:36:91:e8:83,arp_spa=10.0.0.16,arp_tpa=10.0.0.3,arp_op=1 actions=output:1
 cookie=0x0, duration=5.127s, table=0, n_packets=1, n_bytes=42, idle_timeout=10, hard_timeout=30, reset_counts priority=65535,arp,in_port=3,vlan_tci=0x0000/0x1fff,dl_src=46:89:81:ce:4d:40,dl_dst=5e:e3:35:b1:c1:10,arp_spa=10.0.0.10,arp_tpa=10.0.0.5,arp_op=1 actions=output:2
 cookie=0x0, duration=5.126s, table=0, n_packets=1, n_bytes=42, idle_timeout=10, hard_timeout=30, reset_counts priority=65535,arp,in_port=3,vlan_tci=0x0000/0x1fff,dl_src=c6:8f:29:88:35:d6,dl_dst=5e:e3:35:b1:c1:10,arp_spa=10.0.0.9,arp_tpa=10.0.0.5,arp_op=1 actions=output:2
 cookie=0x0, duration=5.126s, table=0, n_packets=1, n_bytes=42, idle_timeout=10, hard_timeout=30, reset_counts priority=65535,arp,in_port=3,vlan_tci=0x0000/0x1fff,dl_src=46:89:81:ce:4d:40,dl_dst=e2:8b:7b:29:49:e5,arp_spa=10.0.0.10,arp_tpa=10.0.0.4,arp_op=1 actions=output:1
 cookie=0x0, duration=5.124s, table=0, n_packets=1, n_bytes=42, idle_timeout=10, hard_timeout=30, reset_counts priority=65535,arp,in_port=3,vlan_tci=0x0000/0x1fff,dl_src=ce:eb:b4:05:65:2d,dl_dst=5e:e3:35:b1:c1:10,arp_spa=10.0.0.12,arp_tpa=10.0.0.5,arp_op=1 actions=output:2
 cookie=0x0, duration=5.123s, table=0, n_packets=1, n_bytes=42, idle_timeout=10, hard_timeout=30, reset_counts priority=65535,arp,in_port=3,vlan_tci=0x0000/0x1fff,dl_src=8e:c9:48:94:bb:bb,dl_dst=5e:e3:35:b1:c1:10,arp_spa=10.0.0.11,arp_tpa=10.0.0.5,arp_op=1 actions=output:2
 cookie=0x0, duration=5.122s, table=0, n_packets=1, n_bytes=42, idle_timeout=10, hard_timeout=30, reset_counts priority=65535,arp,in_port=3,vlan_tci=0x0000/0x1fff,dl_src=8e:c9:48:94:bb:bb,dl_dst=e2:8b:7b:29:49:e5,arp_spa=10.0.0.11,arp_tpa=10.0.0.4,arp_op=1 actions=output:1
 cookie=0x0, duration=5.119s, table=0, n_packets=1, n_bytes=42, idle_timeout=10, hard_timeout=30, reset_counts priority=65535,arp,in_port=3,vlan_tci=0x0000/0x1fff,dl_src=ce:eb:b4:05:65:2d,dl_dst=e2:8b:7b:29:49:e5,arp_spa=10.0.0.12,arp_tpa=10.0.0.4,arp_op=1 actions=output:1
 cookie=0x0, duration=5.091s, table=0, n_packets=1, n_bytes=42, idle_timeout=10, hard_timeout=30, reset_counts priority=65535,arp,in_port=3,vlan_tci=0x0000/0x1fff,dl_src=c6:8f:29:88:35:d6,dl_dst=e2:8b:7b:29:49:e5,arp_spa=10.0.0.9,arp_tpa=10.0.0.4,arp_op=1 actions=output:1
 cookie=0x0, duration=5.085s, table=0, n_packets=1, n_bytes=42, idle_timeout=10, hard_timeout=30, reset_counts priority=65535,arp,in_port=4,vlan_tci=0x0000/0x1fff,dl_src=8e:59:1e:55:78:f6,dl_dst=e2:8b:7b:29:49:e5,arp_spa=10.0.0.15,arp_tpa=10.0.0.4,arp_op=1 actions=output:1
 cookie=0x0, duration=5.084s, table=0, n_packets=1, n_bytes=42, idle_timeout=10, hard_timeout=30, reset_counts priority=65535,arp,in_port=4,vlan_tci=0x0000/0x1fff,dl_src=ae:0a:e8:79:de:b1,dl_dst=5e:e3:35:b1:c1:10,arp_spa=10.0.0.13,arp_tpa=10.0.0.5,arp_op=1 actions=output:2
 cookie=0x0, duration=5.084s, table=0, n_packets=1, n_bytes=42, idle_timeout=10, hard_timeout=30, reset_counts priority=65535,arp,in_port=4,vlan_tci=0x0000/0x1fff,dl_src=72:72:90:9f:88:02,dl_dst=5e:e3:35:b1:c1:10,arp_spa=10.0.0.14,arp_tpa=10.0.0.5,arp_op=1 actions=output:2
 cookie=0x0, duration=5.084s, table=0, n_packets=1, n_bytes=42, idle_timeout=10, hard_timeout=30, reset_counts priority=65535,arp,in_port=4,vlan_tci=0x0000/0x1fff,dl_src=6e:16:39:bf:be:ef,dl_dst=e2:8b:7b:29:49:e5,arp_spa=10.0.0.16,arp_tpa=10.0.0.4,arp_op=1 actions=output:1
 cookie=0x0, duration=5.082s, table=0, n_packets=1, n_bytes=42, idle_timeout=10, hard_timeout=30, reset_counts priority=65535,arp,in_port=4,vlan_tci=0x0000/0x1fff,dl_src=72:72:90:9f:88:02,dl_dst=e2:8b:7b:29:49:e5,arp_spa=10.0.0.14,arp_tpa=10.0.0.4,arp_op=1 actions=output:1
 cookie=0x0, duration=5.049s, table=0, n_packets=1, n_bytes=42, idle_timeout=10, hard_timeout=30, reset_counts priority=65535,arp,in_port=4,vlan_tci=0x0000/0x1fff,dl_src=ae:0a:e8:79:de:b1,dl_dst=e2:8b:7b:29:49:e5,arp_spa=10.0.0.13,arp_tpa=10.0.0.4,arp_op=1 actions=output:1
 cookie=0x0, duration=4.874s, table=0, n_packets=1, n_bytes=42, idle_timeout=10, hard_timeout=30, reset_counts priority=65535,arp,in_port=3,vlan_tci=0x0000/0x1fff,dl_src=8e:c9:48:94:bb:bb,dl_dst=12:0b:53:5f:32:a2,arp_spa=10.0.0.11,arp_tpa=10.0.0.6,arp_op=1 actions=output:2
 cookie=0x0, duration=4.873s, table=0, n_packets=1, n_bytes=42, idle_timeout=10, hard_timeout=30, reset_counts priority=65535,arp,in_port=3,vlan_tci=0x0000/0x1fff,dl_src=ce:eb:b4:05:65:2d,dl_dst=12:0b:53:5f:32:a2,arp_spa=10.0.0.12,arp_tpa=10.0.0.6,arp_op=1 actions=output:2
 cookie=0x0, duration=4.870s, table=0, n_packets=1, n_bytes=42, idle_timeout=10, hard_timeout=30, reset_counts priority=65535,arp,in_port=3,vlan_tci=0x0000/0x1fff,dl_src=c6:8f:29:88:35:d6,dl_dst=12:0b:53:5f:32:a2,arp_spa=10.0.0.9,arp_tpa=10.0.0.6,arp_op=1 actions=output:2
 cookie=0x0, duration=4.843s, table=0, n_packets=1, n_bytes=42, idle_timeout=10, hard_timeout=30, reset_counts priority=65535,arp,in_port=3,vlan_tci=0x0000/0x1fff,dl_src=46:89:81:ce:4d:40,dl_dst=12:0b:53:5f:32:a2,arp_spa=10.0.0.10,arp_tpa=10.0.0.6,arp_op=1 actions=output:2
 cookie=0x0, duration=4.841s, table=0, n_packets=1, n_bytes=42, idle_timeout=10, hard_timeout=30, reset_counts priority=65535,arp,in_port=4,vlan_tci=0x0000/0x1fff,dl_src=72:72:90:9f:88:02,dl_dst=12:0b:53:5f:32:a2,arp_spa=10.0.0.14,arp_tpa=10.0.0.6,arp_op=1 actions=output:2
 cookie=0x0, duration=4.837s, table=0, n_packets=1, n_bytes=42, idle_timeout=10, hard_timeout=30, reset_counts priority=65535,arp,in_port=4,vlan_tci=0x0000/0x1fff,dl_src=ae:0a:e8:79:de:b1,dl_dst=12:0b:53:5f:32:a2,arp_spa=10.0.0.13,arp_tpa=10.0.0.6,arp_op=1 actions=output:2
 cookie=0x0, duration=4.834s, table=0, n_packets=1, n_bytes=42, idle_timeout=10, hard_timeout=30, reset_counts priority=65535,arp,in_port=4,vlan_tci=0x0000/0x1fff,dl_src=6e:16:39:bf:be:ef,dl_dst=5e:e3:35:b1:c1:10,arp_spa=10.0.0.16,arp_tpa=10.0.0.5,arp_op=1 actions=output:2
 cookie=0x0, duration=4.825s, table=0, n_packets=1, n_bytes=42, idle_timeout=10, hard_timeout=30, reset_counts priority=65535,arp,in_port=4,vlan_tci=0x0000/0x1fff,dl_src=6e:16:39:bf:be:ef,dl_dst=12:0b:53:5f:32:a2,arp_spa=10.0.0.16,arp_tpa=10.0.0.6,arp_op=1 actions=output:2
 cookie=0x0, duration=4.825s, table=0, n_packets=1, n_bytes=42, idle_timeout=10, hard_timeout=30, reset_counts priority=65535,arp,in_port=4,vlan_tci=0x0000/0x1fff,dl_src=8e:59:1e:55:78:f6,dl_dst=12:0b:53:5f:32:a2,arp_spa=10.0.0.15,arp_tpa=10.0.0.6,arp_op=1 actions=output:2
 cookie=0x0, duration=4.801s, table=0, n_packets=1, n_bytes=42, idle_timeout=10, hard_timeout=30, reset_counts priority=65535,arp,in_port=4,vlan_tci=0x0000/0x1fff,dl_src=8e:59:1e:55:78:f6,dl_dst=5e:e3:35:b1:c1:10,arp_spa=10.0.0.15,arp_tpa=10.0.0.5,arp_op=1 actions=output:2
 cookie=0x0, duration=4.614s, table=0, n_packets=1, n_bytes=42, idle_timeout=10, hard_timeout=30, reset_counts priority=65535,arp,in_port=3,vlan_tci=0x0000/0x1fff,dl_src=c6:8f:29:88:35:d6,dl_dst=e2:dc:40:32:1f:4c,arp_spa=10.0.0.9,arp_tpa=10.0.0.8,arp_op=1 actions=output:2
 cookie=0x0, duration=4.612s, table=0, n_packets=1, n_bytes=42, idle_timeout=10, hard_timeout=30, reset_counts priority=65535,arp,in_port=3,vlan_tci=0x0000/0x1fff,dl_src=8e:c9:48:94:bb:bb,dl_dst=1a:fa:f8:17:ba:de,arp_spa=10.0.0.11,arp_tpa=10.0.0.7,arp_op=1 actions=output:2
 cookie=0x0, duration=4.610s, table=0, n_packets=1, n_bytes=42, idle_timeout=10, hard_timeout=30, reset_counts priority=65535,arp,in_port=3,vlan_tci=0x0000/0x1fff,dl_src=ce:eb:b4:05:65:2d,dl_dst=1a:fa:f8:17:ba:de,arp_spa=10.0.0.12,arp_tpa=10.0.0.7,arp_op=1 actions=output:2
 cookie=0x0, duration=4.607s, table=0, n_packets=1, n_bytes=42, idle_timeout=10, hard_timeout=30, reset_counts priority=65535,arp,in_port=3,vlan_tci=0x0000/0x1fff,dl_src=8e:c9:48:94:bb:bb,dl_dst=e2:dc:40:32:1f:4c,arp_spa=10.0.0.11,arp_tpa=10.0.0.8,arp_op=1 actions=output:2
 cookie=0x0, duration=4.605s, table=0, n_packets=1, n_bytes=42, idle_timeout=10, hard_timeout=30, reset_counts priority=65535,arp,in_port=3,vlan_tci=0x0000/0x1fff,dl_src=46:89:81:ce:4d:40,dl_dst=e2:dc:40:32:1f:4c,arp_spa=10.0.0.10,arp_tpa=10.0.0.8,arp_op=1 actions=output:2
 cookie=0x0, duration=4.605s, table=0, n_packets=1, n_bytes=42, idle_timeout=10, hard_timeout=30, reset_counts priority=65535,arp,in_port=3,vlan_tci=0x0000/0x1fff,dl_src=46:89:81:ce:4d:40,dl_dst=1a:fa:f8:17:ba:de,arp_spa=10.0.0.10,arp_tpa=10.0.0.7,arp_op=1 actions=output:2
 cookie=0x0, duration=4.593s, table=0, n_packets=1, n_bytes=42, idle_timeout=10, hard_timeout=30, reset_counts priority=65535,arp,in_port=3,vlan_tci=0x0000/0x1fff,dl_src=c6:8f:29:88:35:d6,dl_dst=1a:fa:f8:17:ba:de,arp_spa=10.0.0.9,arp_tpa=10.0.0.7,arp_op=1 actions=output:2
 cookie=0x0, duration=4.590s, table=0, n_packets=1, n_bytes=42, idle_timeout=10, hard_timeout=30, reset_counts priority=65535,arp,in_port=4,vlan_tci=0x0000/0x1fff,dl_src=8e:59:1e:55:78:f6,dl_dst=1a:fa:f8:17:ba:de,arp_spa=10.0.0.15,arp_tpa=10.0.0.7,arp_op=1 actions=output:2
 cookie=0x0, duration=4.589s, table=0, n_packets=1, n_bytes=42, idle_timeout=10, hard_timeout=30, reset_counts priority=65535,arp,in_port=4,vlan_tci=0x0000/0x1fff,dl_src=72:72:90:9f:88:02,dl_dst=1a:fa:f8:17:ba:de,arp_spa=10.0.0.14,arp_tpa=10.0.0.7,arp_op=1 actions=output:2
 cookie=0x0, duration=4.571s, table=0, n_packets=1, n_bytes=42, idle_timeout=10, hard_timeout=30, reset_counts priority=65535,arp,in_port=4,vlan_tci=0x0000/0x1fff,dl_src=ae:0a:e8:79:de:b1,dl_dst=1a:fa:f8:17:ba:de,arp_spa=10.0.0.13,arp_tpa=10.0.0.7,arp_op=1 actions=output:2
 cookie=0x0, duration=4.568s, table=0, n_packets=1, n_bytes=42, idle_timeout=10, hard_timeout=30, reset_counts priority=65535,arp,in_port=4,vlan_tci=0x0000/0x1fff,dl_src=6e:16:39:bf:be:ef,dl_dst=1a:fa:f8:17:ba:de,arp_spa=10.0.0.16,arp_tpa=10.0.0.7,arp_op=1 actions=output:2
 cookie=0x0, duration=4.334s, table=0, n_packets=1, n_bytes=42, idle_timeout=10, hard_timeout=30, reset_counts priority=65535,arp,in_port=3,vlan_tci=0x0000/0x1fff,dl_src=ce:eb:b4:05:65:2d,dl_dst=e2:dc:40:32:1f:4c,arp_spa=10.0.0.12,arp_tpa=10.0.0.8,arp_op=1 actions=output:2
 cookie=0x0, duration=4.331s, table=0, n_packets=1, n_bytes=42, idle_timeout=10, hard_timeout=30, reset_counts priority=65535,arp,in_port=4,vlan_tci=0x0000/0x1fff,dl_src=ae:0a:e8:79:de:b1,dl_dst=c6:8f:29:88:35:d6,arp_spa=10.0.0.13,arp_tpa=10.0.0.9,arp_op=1 actions=output:3
 cookie=0x0, duration=4.327s, table=0, n_packets=1, n_bytes=42, idle_timeout=10, hard_timeout=30, reset_counts priority=65535,arp,in_port=4,vlan_tci=0x0000/0x1fff,dl_src=6e:16:39:bf:be:ef,dl_dst=e2:dc:40:32:1f:4c,arp_spa=10.0.0.16,arp_tpa=10.0.0.8,arp_op=1 actions=output:2
 cookie=0x0, duration=4.326s, table=0, n_packets=1, n_bytes=42, idle_timeout=10, hard_timeout=30, reset_counts priority=65535,arp,in_port=4,vlan_tci=0x0000/0x1fff,dl_src=ae:0a:e8:79:de:b1,dl_dst=e2:dc:40:32:1f:4c,arp_spa=10.0.0.13,arp_tpa=10.0.0.8,arp_op=1 actions=output:2
 cookie=0x0, duration=4.325s, table=0, n_packets=1, n_bytes=42, idle_timeout=10, hard_timeout=30, reset_counts priority=65535,arp,in_port=4,vlan_tci=0x0000/0x1fff,dl_src=72:72:90:9f:88:02,dl_dst=e2:dc:40:32:1f:4c,arp_spa=10.0.0.14,arp_tpa=10.0.0.8,arp_op=1 actions=output:2
 cookie=0x0, duration=4.321s, table=0, n_packets=1, n_bytes=42, idle_timeout=10, hard_timeout=30, reset_counts priority=65535,arp,in_port=4,vlan_tci=0x0000/0x1fff,dl_src=8e:59:1e:55:78:f6,dl_dst=c6:8f:29:88:35:d6,arp_spa=10.0.0.15,arp_tpa=10.0.0.9,arp_op=1 actions=output:3
 cookie=0x0, duration=4.321s, table=0, n_packets=1, n_bytes=42, idle_timeout=10, hard_timeout=30, reset_counts priority=65535,arp,in_port=4,vlan_tci=0x0000/0x1fff,dl_src=72:72:90:9f:88:02,dl_dst=c6:8f:29:88:35:d6,arp_spa=10.0.0.14,arp_tpa=10.0.0.9,arp_op=1 actions=output:3
 cookie=0x0, duration=4.316s, table=0, n_packets=1, n_bytes=42, idle_timeout=10, hard_timeout=30, reset_counts priority=65535,arp,in_port=4,vlan_tci=0x0000/0x1fff,dl_src=8e:59:1e:55:78:f6,dl_dst=e2:dc:40:32:1f:4c,arp_spa=10.0.0.15,arp_tpa=10.0.0.8,arp_op=1 actions=output:2
 cookie=0x0, duration=4.084s, table=0, n_packets=1, n_bytes=42, idle_timeout=10, hard_timeout=30, reset_counts priority=65535,arp,in_port=4,vlan_tci=0x0000/0x1fff,dl_src=6e:16:39:bf:be:ef,dl_dst=c6:8f:29:88:35:d6,arp_spa=10.0.0.16,arp_tpa=10.0.0.9,arp_op=1 actions=output:3
 cookie=0x0, duration=4.082s, table=0, n_packets=1, n_bytes=42, idle_timeout=10, hard_timeout=30, reset_counts priority=65535,arp,in_port=4,vlan_tci=0x0000/0x1fff,dl_src=72:72:90:9f:88:02,dl_dst=46:89:81:ce:4d:40,arp_spa=10.0.0.14,arp_tpa=10.0.0.10,arp_op=1 actions=output:3
 cookie=0x0, duration=4.081s, table=0, n_packets=1, n_bytes=42, idle_timeout=10, hard_timeout=30, reset_counts priority=65535,arp,in_port=4,vlan_tci=0x0000/0x1fff,dl_src=6e:16:39:bf:be:ef,dl_dst=46:89:81:ce:4d:40,arp_spa=10.0.0.16,arp_tpa=10.0.0.10,arp_op=1 actions=output:3
 cookie=0x0, duration=4.078s, table=0, n_packets=1, n_bytes=42, idle_timeout=10, hard_timeout=30, reset_counts priority=65535,arp,in_port=4,vlan_tci=0x0000/0x1fff,dl_src=8e:59:1e:55:78:f6,dl_dst=46:89:81:ce:4d:40,arp_spa=10.0.0.15,arp_tpa=10.0.0.10,arp_op=1 actions=output:3
 cookie=0x0, duration=4.073s, table=0, n_packets=1, n_bytes=42, idle_timeout=10, hard_timeout=30, reset_counts priority=65535,arp,in_port=4,vlan_tci=0x0000/0x1fff,dl_src=ae:0a:e8:79:de:b1,dl_dst=46:89:81:ce:4d:40,arp_spa=10.0.0.13,arp_tpa=10.0.0.10,arp_op=1 actions=output:3
 cookie=0x0, duration=3.823s, table=0, n_packets=1, n_bytes=42, idle_timeout=10, hard_timeout=30, reset_counts priority=65535,arp,in_port=4,vlan_tci=0x0000/0x1fff,dl_src=6e:16:39:bf:be:ef,dl_dst=ce:eb:b4:05:65:2d,arp_spa=10.0.0.16,arp_tpa=10.0.0.12,arp_op=1 actions=output:3
 cookie=0x0, duration=3.823s, table=0, n_packets=1, n_bytes=42, idle_timeout=10, hard_timeout=30, reset_counts priority=65535,arp,in_port=4,vlan_tci=0x0000/0x1fff,dl_src=6e:16:39:bf:be:ef,dl_dst=8e:c9:48:94:bb:bb,arp_spa=10.0.0.16,arp_tpa=10.0.0.11,arp_op=1 actions=output:3
 cookie=0x0, duration=3.823s, table=0, n_packets=1, n_bytes=42, idle_timeout=10, hard_timeout=30, reset_counts priority=65535,arp,in_port=4,vlan_tci=0x0000/0x1fff,dl_src=8e:59:1e:55:78:f6,dl_dst=ce:eb:b4:05:65:2d,arp_spa=10.0.0.15,arp_tpa=10.0.0.12,arp_op=1 actions=output:3
 cookie=0x0, duration=3.821s, table=0, n_packets=1, n_bytes=42, idle_timeout=10, hard_timeout=30, reset_counts priority=65535,arp,in_port=4,vlan_tci=0x0000/0x1fff,dl_src=ae:0a:e8:79:de:b1,dl_dst=ce:eb:b4:05:65:2d,arp_spa=10.0.0.13,arp_tpa=10.0.0.12,arp_op=1 actions=output:3
 cookie=0x0, duration=3.819s, table=0, n_packets=1, n_bytes=42, idle_timeout=10, hard_timeout=30, reset_counts priority=65535,arp,in_port=4,vlan_tci=0x0000/0x1fff,dl_src=ae:0a:e8:79:de:b1,dl_dst=8e:c9:48:94:bb:bb,arp_spa=10.0.0.13,arp_tpa=10.0.0.11,arp_op=1 actions=output:3
 cookie=0x0, duration=3.816s, table=0, n_packets=1, n_bytes=42, idle_timeout=10, hard_timeout=30, reset_counts priority=65535,arp,in_port=4,vlan_tci=0x0000/0x1fff,dl_src=8e:59:1e:55:78:f6,dl_dst=8e:c9:48:94:bb:bb,arp_spa=10.0.0.15,arp_tpa=10.0.0.11,arp_op=1 actions=output:3
 cookie=0x0, duration=3.815s, table=0, n_packets=1, n_bytes=42, idle_timeout=10, hard_timeout=30, reset_counts priority=65535,arp,in_port=4,vlan_tci=0x0000/0x1fff,dl_src=72:72:90:9f:88:02,dl_dst=ce:eb:b4:05:65:2d,arp_spa=10.0.0.14,arp_tpa=10.0.0.12,arp_op=1 actions=output:3
 cookie=0x0, duration=3.799s, table=0, n_packets=1, n_bytes=42, idle_timeout=10, hard_timeout=30, reset_counts priority=65535,arp,in_port=4,vlan_tci=0x0000/0x1fff,dl_src=72:72:90:9f:88:02,dl_dst=8e:c9:48:94:bb:bb,arp_spa=10.0.0.14,arp_tpa=10.0.0.11,arp_op=1 actions=output:3
 cookie=0x0, duration=8.975s, table=0, n_packets=1, n_bytes=42, idle_timeout=10, hard_timeout=30, reset_counts priority=65535,arp,in_port=3,vlan_tci=0x0000/0x1fff,dl_src=ce:eb:b4:05:65:2d,dl_dst=b2:91:f2:c0:af:d9,arp_spa=10.0.0.12,arp_tpa=10.0.0.1,arp_op=1 actions=output:1
 cookie=0x0, duration=8.974s, table=0, n_packets=1, n_bytes=42, idle_timeout=10, hard_timeout=30, reset_counts priority=65535,arp,in_port=3,vlan_tci=0x0000/0x1fff,dl_src=46:89:81:ce:4d:40,dl_dst=b2:91:f2:c0:af:d9,arp_spa=10.0.0.10,arp_tpa=10.0.0.1,arp_op=1 actions=output:1
 cookie=0x0, duration=8.973s, table=0, n_packets=1, n_bytes=42, idle_timeout=10, hard_timeout=30, reset_counts priority=65535,arp,in_port=3,vlan_tci=0x0000/0x1fff,dl_src=c6:8f:29:88:35:d6,dl_dst=b2:91:f2:c0:af:d9,arp_spa=10.0.0.9,arp_tpa=10.0.0.1,arp_op=1 actions=output:1
 cookie=0x0, duration=8.963s, table=0, n_packets=1, n_bytes=42, idle_timeout=10, hard_timeout=30, reset_counts priority=65535,arp,in_port=3,vlan_tci=0x0000/0x1fff,dl_src=8e:c9:48:94:bb:bb,dl_dst=b2:91:f2:c0:af:d9,arp_spa=10.0.0.11,arp_tpa=10.0.0.1,arp_op=1 actions=output:1
 cookie=0x0, duration=8.963s, table=0, n_packets=1, n_bytes=42, idle_timeout=10, hard_timeout=30, reset_counts priority=65535,arp,in_port=2,vlan_tci=0x0000/0x1fff,dl_src=12:0b:53:5f:32:a2,dl_dst=b2:91:f2:c0:af:d9,arp_spa=10.0.0.6,arp_tpa=10.0.0.1,arp_op=1 actions=output:1
 cookie=0x0, duration=8.962s, table=0, n_packets=1, n_bytes=42, idle_timeout=10, hard_timeout=30, reset_counts priority=65535,arp,in_port=2,vlan_tci=0x0000/0x1fff,dl_src=5e:e3:35:b1:c1:10,dl_dst=b2:91:f2:c0:af:d9,arp_spa=10.0.0.5,arp_tpa=10.0.0.1,arp_op=1 actions=output:1
 cookie=0x0, duration=8.962s, table=0, n_packets=1, n_bytes=42, idle_timeout=10, hard_timeout=30, reset_counts priority=65535,arp,in_port=2,vlan_tci=0x0000/0x1fff,dl_src=e2:dc:40:32:1f:4c,dl_dst=b2:91:f2:c0:af:d9,arp_spa=10.0.0.8,arp_tpa=10.0.0.1,arp_op=1 actions=output:1
 cookie=0x0, duration=8.961s, table=0, n_packets=1, n_bytes=42, idle_timeout=10, hard_timeout=30, reset_counts priority=65535,arp,in_port=2,vlan_tci=0x0000/0x1fff,dl_src=1a:fa:f8:17:ba:de,dl_dst=b2:91:f2:c0:af:d9,arp_spa=10.0.0.7,arp_tpa=10.0.0.1,arp_op=1 actions=output:1
 cookie=0x0, duration=8.710s, table=0, n_packets=1, n_bytes=42, idle_timeout=10, hard_timeout=30, reset_counts priority=65535,arp,in_port=3,vlan_tci=0x0000/0x1fff,dl_src=8e:c9:48:94:bb:bb,dl_dst=96:a6:9c:a8:bf:b4,arp_spa=10.0.0.11,arp_tpa=10.0.0.2,arp_op=1 actions=output:1
 cookie=0x0, duration=8.708s, table=0, n_packets=1, n_bytes=42, idle_timeout=10, hard_timeout=30, reset_counts priority=65535,arp,in_port=3,vlan_tci=0x0000/0x1fff,dl_src=46:89:81:ce:4d:40,dl_dst=96:a6:9c:a8:bf:b4,arp_spa=10.0.0.10,arp_tpa=10.0.0.2,arp_op=1 actions=output:1
 cookie=0x0, duration=8.706s, table=0, n_packets=1, n_bytes=42, idle_timeout=10, hard_timeout=30, reset_counts priority=65535,arp,in_port=3,vlan_tci=0x0000/0x1fff,dl_src=ce:eb:b4:05:65:2d,dl_dst=96:a6:9c:a8:bf:b4,arp_spa=10.0.0.12,arp_tpa=10.0.0.2,arp_op=1 actions=output:1
 cookie=0x0, duration=8.667s, table=0, n_packets=1, n_bytes=42, idle_timeout=10, hard_timeout=30, reset_counts priority=65535,arp,in_port=3,vlan_tci=0x0000/0x1fff,dl_src=c6:8f:29:88:35:d6,dl_dst=96:a6:9c:a8:bf:b4,arp_spa=10.0.0.9,arp_tpa=10.0.0.2,arp_op=1 actions=output:1
 cookie=0x0, duration=8.665s, table=0, n_packets=1, n_bytes=42, idle_timeout=10, hard_timeout=30, reset_counts priority=65535,arp,in_port=2,vlan_tci=0x0000/0x1fff,dl_src=5e:e3:35:b1:c1:10,dl_dst=96:a6:9c:a8:bf:b4,arp_spa=10.0.0.5,arp_tpa=10.0.0.2,arp_op=1 actions=output:1
 cookie=0x0, duration=8.663s, table=0, n_packets=1, n_bytes=42, idle_timeout=10, hard_timeout=30, reset_counts priority=65535,arp,in_port=2,vlan_tci=0x0000/0x1fff,dl_src=12:0b:53:5f:32:a2,dl_dst=96:a6:9c:a8:bf:b4,arp_spa=10.0.0.6,arp_tpa=10.0.0.2,arp_op=1 actions=output:1
 cookie=0x0, duration=8.651s, table=0, n_packets=1, n_bytes=42, idle_timeout=10, hard_timeout=30, reset_counts priority=65535,arp,in_port=2,vlan_tci=0x0000/0x1fff,dl_src=e2:dc:40:32:1f:4c,dl_dst=96:a6:9c:a8:bf:b4,arp_spa=10.0.0.8,arp_tpa=10.0.0.2,arp_op=1 actions=output:1
 cookie=0x0, duration=8.650s, table=0, n_packets=1, n_bytes=42, idle_timeout=10, hard_timeout=30, reset_counts priority=65535,arp,in_port=2,vlan_tci=0x0000/0x1fff,dl_src=1a:fa:f8:17:ba:de,dl_dst=96:a6:9c:a8:bf:b4,arp_spa=10.0.0.7,arp_tpa=10.0.0.2,arp_op=1 actions=output:1
 cookie=0x0, duration=8.649s, table=0, n_packets=1, n_bytes=42, idle_timeout=10, hard_timeout=30, reset_counts priority=65535,arp,in_port=4,vlan_tci=0x0000/0x1fff,dl_src=ae:0a:e8:79:de:b1,dl_dst=b2:91:f2:c0:af:d9,arp_spa=10.0.0.13,arp_tpa=10.0.0.1,arp_op=1 actions=output:1
 cookie=0x0, duration=8.648s, table=0, n_packets=1, n_bytes=42, idle_timeout=10, hard_timeout=30, reset_counts priority=65535,arp,in_port=4,vlan_tci=0x0000/0x1fff,dl_src=8e:59:1e:55:78:f6,dl_dst=96:a6:9c:a8:bf:b4,arp_spa=10.0.0.15,arp_tpa=10.0.0.2,arp_op=1 actions=output:1
 cookie=0x0, duration=8.648s, table=0, n_packets=1, n_bytes=42, idle_timeout=10, hard_timeout=30, reset_counts priority=65535,arp,in_port=4,vlan_tci=0x0000/0x1fff,dl_src=6e:16:39:bf:be:ef,dl_dst=b2:91:f2:c0:af:d9,arp_spa=10.0.0.16,arp_tpa=10.0.0.1,arp_op=1 actions=output:1
 cookie=0x0, duration=8.647s, table=0, n_packets=1, n_bytes=42, idle_timeout=10, hard_timeout=30, reset_counts priority=65535,arp,in_port=4,vlan_tci=0x0000/0x1fff,dl_src=6e:16:39:bf:be:ef,dl_dst=96:a6:9c:a8:bf:b4,arp_spa=10.0.0.16,arp_tpa=10.0.0.2,arp_op=1 actions=output:1
 cookie=0x0, duration=8.647s, table=0, n_packets=1, n_bytes=42, idle_timeout=10, hard_timeout=30, reset_counts priority=65535,arp,in_port=4,vlan_tci=0x0000/0x1fff,dl_src=72:72:90:9f:88:02,dl_dst=96:a6:9c:a8:bf:b4,arp_spa=10.0.0.14,arp_tpa=10.0.0.2,arp_op=1 actions=output:1
 cookie=0x0, duration=8.645s, table=0, n_packets=1, n_bytes=42, idle_timeout=10, hard_timeout=30, reset_counts priority=65535,arp,in_port=4,vlan_tci=0x0000/0x1fff,dl_src=ae:0a:e8:79:de:b1,dl_dst=96:a6:9c:a8:bf:b4,arp_spa=10.0.0.13,arp_tpa=10.0.0.2,arp_op=1 actions=output:1
 cookie=0x0, duration=8.641s, table=0, n_packets=1, n_bytes=42, idle_timeout=10, hard_timeout=30, reset_counts priority=65535,arp,in_port=4,vlan_tci=0x0000/0x1fff,dl_src=8e:59:1e:55:78:f6,dl_dst=b2:91:f2:c0:af:d9,arp_spa=10.0.0.15,arp_tpa=10.0.0.1,arp_op=1 actions=output:1
 cookie=0x0, duration=8.610s, table=0, n_packets=1, n_bytes=42, idle_timeout=10, hard_timeout=30, reset_counts priority=65535,arp,in_port=4,vlan_tci=0x0000/0x1fff,dl_src=72:72:90:9f:88:02,dl_dst=b2:91:f2:c0:af:d9,arp_spa=10.0.0.14,arp_tpa=10.0.0.1,arp_op=1 actions=output:1
 cookie=0x0, duration=8.451s, table=0, n_packets=1, n_bytes=42, idle_timeout=10, hard_timeout=30, reset_counts priority=65535,arp,in_port=3,vlan_tci=0x0000/0x1fff,dl_src=c6:8f:29:88:35:d6,dl_dst=96:29:36:91:e8:83,arp_spa=10.0.0.9,arp_tpa=10.0.0.3,arp_op=1 actions=output:1
 cookie=0x0, duration=8.451s, table=0, n_packets=1, n_bytes=42, idle_timeout=10, hard_timeout=30, reset_counts priority=65535,arp,in_port=3,vlan_tci=0x0000/0x1fff,dl_src=8e:c9:48:94:bb:bb,dl_dst=96:29:36:91:e8:83,arp_spa=10.0.0.11,arp_tpa=10.0.0.3,arp_op=1 actions=output:1
 cookie=0x0, duration=8.449s, table=0, n_packets=1, n_bytes=42, idle_timeout=10, hard_timeout=30, reset_counts priority=65535,arp,in_port=3,vlan_tci=0x0000/0x1fff,dl_src=46:89:81:ce:4d:40,dl_dst=96:29:36:91:e8:83,arp_spa=10.0.0.10,arp_tpa=10.0.0.3,arp_op=1 actions=output:1
 cookie=0x0, duration=8.406s, table=0, n_packets=1, n_bytes=42, idle_timeout=10, hard_timeout=30, reset_counts priority=65535,arp,in_port=3,vlan_tci=0x0000/0x1fff,dl_src=ce:eb:b4:05:65:2d,dl_dst=96:29:36:91:e8:83,arp_spa=10.0.0.12,arp_tpa=10.0.0.3,arp_op=1 actions=output:1
 cookie=0x0, duration=8.402s, table=0, n_packets=1, n_bytes=42, idle_timeout=10, hard_timeout=30, reset_counts priority=65535,arp,in_port=2,vlan_tci=0x0000/0x1fff,dl_src=5e:e3:35:b1:c1:10,dl_dst=e2:8b:7b:29:49:e5,arp_spa=10.0.0.5,arp_tpa=10.0.0.4,arp_op=1 actions=output:1
 cookie=0x0, duration=8.398s, table=0, n_packets=1, n_bytes=42, idle_timeout=10, hard_timeout=30, reset_counts priority=65535,arp,in_port=2,vlan_tci=0x0000/0x1fff,dl_src=1a:fa:f8:17:ba:de,dl_dst=e2:8b:7b:29:49:e5,arp_spa=10.0.0.7,arp_tpa=10.0.0.4,arp_op=1 actions=output:1
 cookie=0x0, duration=8.397s, table=0, n_packets=1, n_bytes=42, idle_timeout=10, hard_timeout=30, reset_counts priority=65535,arp,in_port=2,vlan_tci=0x0000/0x1fff,dl_src=12:0b:53:5f:32:a2,dl_dst=e2:8b:7b:29:49:e5,arp_spa=10.0.0.6,arp_tpa=10.0.0.4,arp_op=1 actions=output:1
 cookie=0x0, duration=8.394s, table=0, n_packets=1, n_bytes=42, idle_timeout=10, hard_timeout=30, reset_counts priority=65535,arp,in_port=2,vlan_tci=0x0000/0x1fff,dl_src=12:0b:53:5f:32:a2,dl_dst=96:29:36:91:e8:83,arp_spa=10.0.0.6,arp_tpa=10.0.0.3,arp_op=1 actions=output:1
 cookie=0x0, duration=8.390s, table=0, n_packets=1, n_bytes=42, idle_timeout=10, hard_timeout=30, reset_counts priority=65535,arp,in_port=2,vlan_tci=0x0000/0x1fff,dl_src=e2:dc:40:32:1f:4c,dl_dst=e2:8b:7b:29:49:e5,arp_spa=10.0.0.8,arp_tpa=10.0.0.4,arp_op=1 actions=output:1
 cookie=0x0, duration=8.387s, table=0, n_packets=1, n_bytes=42, idle_timeout=10, hard_timeout=30, reset_counts priority=65535,arp,in_port=2,vlan_tci=0x0000/0x1fff,dl_src=e2:dc:40:32:1f:4c,dl_dst=96:29:36:91:e8:83,arp_spa=10.0.0.8,arp_tpa=10.0.0.3,arp_op=1 actions=output:1
 cookie=0x0, duration=8.384s, table=0, n_packets=1, n_bytes=42, idle_timeout=10, hard_timeout=30, reset_counts priority=65535,arp,in_port=2,vlan_tci=0x0000/0x1fff,dl_src=1a:fa:f8:17:ba:de,dl_dst=96:29:36:91:e8:83,arp_spa=10.0.0.7,arp_tpa=10.0.0.3,arp_op=1 actions=output:1
 cookie=0x0, duration=8.382s, table=0, n_packets=1, n_bytes=42, idle_timeout=10, hard_timeout=30, reset_counts priority=65535,arp,in_port=2,vlan_tci=0x0000/0x1fff,dl_src=5e:e3:35:b1:c1:10,dl_dst=96:29:36:91:e8:83,arp_spa=10.0.0.5,arp_tpa=10.0.0.3,arp_op=1 actions=output:1
 cookie=0x0, duration=8.353s, table=0, n_packets=1, n_bytes=42, idle_timeout=10, hard_timeout=30, reset_counts priority=65535,arp,in_port=4,vlan_tci=0x0000/0x1fff,dl_src=8e:59:1e:55:78:f6,dl_dst=96:29:36:91:e8:83,arp_spa=10.0.0.15,arp_tpa=10.0.0.3,arp_op=1 actions=output:1
 cookie=0x0, duration=8.353s, table=0, n_packets=1, n_bytes=42, idle_timeout=10, hard_timeout=30, reset_counts priority=65535,arp,in_port=4,vlan_tci=0x0000/0x1fff,dl_src=72:72:90:9f:88:02,dl_dst=96:29:36:91:e8:83,arp_spa=10.0.0.14,arp_tpa=10.0.0.3,arp_op=1 actions=output:1
 cookie=0x0, duration=8.353s, table=0, n_packets=1, n_bytes=42, idle_timeout=10, hard_timeout=30, reset_counts priority=65535,arp,in_port=4,vlan_tci=0x0000/0x1fff,dl_src=ae:0a:e8:79:de:b1,dl_dst=96:29:36:91:e8:83,arp_spa=10.0.0.13,arp_tpa=10.0.0.3,arp_op=1 actions=output:1
 cookie=0x0, duration=8.353s, table=0, n_packets=1, n_bytes=42, idle_timeout=10, hard_timeout=30, reset_counts priority=65535,arp,in_port=4,vlan_tci=0x0000/0x1fff,dl_src=6e:16:39:bf:be:ef,dl_dst=96:29:36:91:e8:83,arp_spa=10.0.0.16,arp_tpa=10.0.0.3,arp_op=1 actions=output:1
 cookie=0x0, duration=8.199s, table=0, n_packets=1, n_bytes=42, idle_timeout=10, hard_timeout=30, reset_counts priority=65535,arp,in_port=3,vlan_tci=0x0000/0x1fff,dl_src=46:89:81:ce:4d:40,dl_dst=5e:e3:35:b1:c1:10,arp_spa=10.0.0.10,arp_tpa=10.0.0.5,arp_op=1 actions=output:2
 cookie=0x0, duration=8.198s, table=0, n_packets=1, n_bytes=42, idle_timeout=10, hard_timeout=30, reset_counts priority=65535,arp,in_port=3,vlan_tci=0x0000/0x1fff,dl_src=c6:8f:29:88:35:d6,dl_dst=5e:e3:35:b1:c1:10,arp_spa=10.0.0.9,arp_tpa=10.0.0.5,arp_op=1 actions=output:2
 cookie=0x0, duration=8.198s, table=0, n_packets=1, n_bytes=42, idle_timeout=10, hard_timeout=30, reset_counts priority=65535,arp,in_port=3,vlan_tci=0x0000/0x1fff,dl_src=46:89:81:ce:4d:40,dl_dst=e2:8b:7b:29:49:e5,arp_spa=10.0.0.10,arp_tpa=10.0.0.4,arp_op=1 actions=output:1
 cookie=0x0, duration=8.196s, table=0, n_packets=1, n_bytes=42, idle_timeout=10, hard_timeout=30, reset_counts priority=65535,arp,in_port=3,vlan_tci=0x0000/0x1fff,dl_src=ce:eb:b4:05:65:2d,dl_dst=5e:e3:35:b1:c1:10,arp_spa=10.0.0.12,arp_tpa=10.0.0.5,arp_op=1 actions=output:2
 cookie=0x0, duration=8.195s, table=0, n_packets=1, n_bytes=42, idle_timeout=10, hard_timeout=30, reset_counts priority=65535,arp,in_port=3,vlan_tci=0x0000/0x1fff,dl_src=8e:c9:48:94:bb:bb,dl_dst=5e:e3:35:b1:c1:10,arp_spa=10.0.0.11,arp_tpa=10.0.0.5,arp_op=1 actions=output:2
 cookie=0x0, duration=8.194s, table=0, n_packets=1, n_bytes=42, idle_timeout=10, hard_timeout=30, reset_counts priority=65535,arp,in_port=3,vlan_tci=0x0000/0x1fff,dl_src=8e:c9:48:94:bb:bb,dl_dst=e2:8b:7b:29:49:e5,arp_spa=10.0.0.11,arp_tpa=10.0.0.4,arp_op=1 actions=output:1
 cookie=0x0, duration=8.191s, table=0, n_packets=1, n_bytes=42, idle_timeout=10, hard_timeout=30, reset_counts priority=65535,arp,in_port=3,vlan_tci=0x0000/0x1fff,dl_src=ce:eb:b4:05:65:2d,dl_dst=e2:8b:7b:29:49:e5,arp_spa=10.0.0.12,arp_tpa=10.0.0.4,arp_op=1 actions=output:1
 cookie=0x0, duration=8.163s, table=0, n_packets=1, n_bytes=42, idle_timeout=10, hard_timeout=30, reset_counts priority=65535,arp,in_port=3,vlan_tci=0x0000/0x1fff,dl_src=c6:8f:29:88:35:d6,dl_dst=e2:8b:7b:29:49:e5,arp_spa=10.0.0.9,arp_tpa=10.0.0.4,arp_op=1 actions=output:1
 cookie=0x0, duration=8.157s, table=0, n_packets=1, n_bytes=42, idle_timeout=10, hard_timeout=30, reset_counts priority=65535,arp,in_port=4,vlan_tci=0x0000/0x1fff,dl_src=8e:59:1e:55:78:f6,dl_dst=e2:8b:7b:29:49:e5,arp_spa=10.0.0.15,arp_tpa=10.0.0.4,arp_op=1 actions=output:1
 cookie=0x0, duration=8.156s, table=0, n_packets=1, n_bytes=42, idle_timeout=10, hard_timeout=30, reset_counts priority=65535,arp,in_port=4,vlan_tci=0x0000/0x1fff,dl_src=ae:0a:e8:79:de:b1,dl_dst=5e:e3:35:b1:c1:10,arp_spa=10.0.0.13,arp_tpa=10.0.0.5,arp_op=1 actions=output:2
 cookie=0x0, duration=8.156s, table=0, n_packets=1, n_bytes=42, idle_timeout=10, hard_timeout=30, reset_counts priority=65535,arp,in_port=4,vlan_tci=0x0000/0x1fff,dl_src=72:72:90:9f:88:02,dl_dst=5e:e3:35:b1:c1:10,arp_spa=10.0.0.14,arp_tpa=10.0.0.5,arp_op=1 actions=output:2
 cookie=0x0, duration=8.156s, table=0, n_packets=1, n_bytes=42, idle_timeout=10, hard_timeout=30, reset_counts priority=65535,arp,in_port=4,vlan_tci=0x0000/0x1fff,dl_src=6e:16:39:bf:be:ef,dl_dst=e2:8b:7b:29:49:e5,arp_spa=10.0.0.16,arp_tpa=10.0.0.4,arp_op=1 actions=output:1
 cookie=0x0, duration=8.154s, table=0, n_packets=1, n_bytes=42, idle_timeout=10, hard_timeout=30, reset_counts priority=65535,arp,in_port=4,vlan_tci=0x0000/0x1fff,dl_src=72:72:90:9f:88:02,dl_dst=e2:8b:7b:29:49:e5,arp_spa=10.0.0.14,arp_tpa=10.0.0.4,arp_op=1 actions=output:1
 cookie=0x0, duration=8.121s, table=0, n_packets=1, n_bytes=42, idle_timeout=10, hard_timeout=30, reset_counts priority=65535,arp,in_port=4,vlan_tci=0x0000/0x1fff,dl_src=ae:0a:e8:79:de:b1,dl_dst=e2:8b:7b:29:49:e5,arp_spa=10.0.0.13,arp_tpa=10.0.0.4,arp_op=1 actions=output:1
 cookie=0x0, duration=7.946s, table=0, n_packets=1, n_bytes=42, idle_timeout=10, hard_timeout=30, reset_counts priority=65535,arp,in_port=3,vlan_tci=0x0000/0x1fff,dl_src=8e:c9:48:94:bb:bb,dl_dst=12:0b:53:5f:32:a2,arp_spa=10.0.0.11,arp_tpa=10.0.0.6,arp_op=1 actions=output:2
 cookie=0x0, duration=7.945s, table=0, n_packets=1, n_bytes=42, idle_timeout=10, hard_timeout=30, reset_counts priority=65535,arp,in_port=3,vlan_tci=0x0000/0x1fff,dl_src=ce:eb:b4:05:65:2d,dl_dst=12:0b:53:5f:32:a2,arp_spa=10.0.0.12,arp_tpa=10.0.0.6,arp_op=1 actions=output:2
 cookie=0x0, duration=7.942s, table=0, n_packets=1, n_bytes=42, idle_timeout=10, hard_timeout=30, reset_counts priority=65535,arp,in_port=3,vlan_tci=0x0000/0x1fff,dl_src=c6:8f:29:88:35:d6,dl_dst=12:0b:53:5f:32:a2,arp_spa=10.0.0.9,arp_tpa=10.0.0.6,arp_op=1 actions=output:2
 cookie=0x0, duration=7.915s, table=0, n_packets=1, n_bytes=42, idle_timeout=10, hard_timeout=30, reset_counts priority=65535,arp,in_port=3,vlan_tci=0x0000/0x1fff,dl_src=46:89:81:ce:4d:40,dl_dst=12:0b:53:5f:32:a2,arp_spa=10.0.0.10,arp_tpa=10.0.0.6,arp_op=1 actions=output:2
 cookie=0x0, duration=7.913s, table=0, n_packets=1, n_bytes=42, idle_timeout=10, hard_timeout=30, reset_counts priority=65535,arp,in_port=4,vlan_tci=0x0000/0x1fff,dl_src=72:72:90:9f:88:02,dl_dst=12:0b:53:5f:32:a2,arp_spa=10.0.0.14,arp_tpa=10.0.0.6,arp_op=1 actions=output:2
 cookie=0x0, duration=7.909s, table=0, n_packets=1, n_bytes=42, idle_timeout=10, hard_timeout=30, reset_counts priority=65535,arp,in_port=4,vlan_tci=0x0000/0x1fff,dl_src=ae:0a:e8:79:de:b1,dl_dst=12:0b:53:5f:32:a2,arp_spa=10.0.0.13,arp_tpa=10.0.0.6,arp_op=1 actions=output:2
 cookie=0x0, duration=7.906s, table=0, n_packets=1, n_bytes=42, idle_timeout=10, hard_timeout=30, reset_counts priority=65535,arp,in_port=4,vlan_tci=0x0000/0x1fff,dl_src=6e:16:39:bf:be:ef,dl_dst=5e:e3:35:b1:c1:10,arp_spa=10.0.0.16,arp_tpa=10.0.0.5,arp_op=1 actions=output:2
 cookie=0x0, duration=7.897s, table=0, n_packets=1, n_bytes=42, idle_timeout=10, hard_timeout=30, reset_counts priority=65535,arp,in_port=4,vlan_tci=0x0000/0x1fff,dl_src=6e:16:39:bf:be:ef,dl_dst=12:0b:53:5f:32:a2,arp_spa=10.0.0.16,arp_tpa=10.0.0.6,arp_op=1 actions=output:2
 cookie=0x0, duration=7.897s, table=0, n_packets=1, n_bytes=42, idle_timeout=10, hard_timeout=30, reset_counts priority=65535,arp,in_port=4,vlan_tci=0x0000/0x1fff,dl_src=8e:59:1e:55:78:f6,dl_dst=12:0b:53:5f:32:a2,arp_spa=10.0.0.15,arp_tpa=10.0.0.6,arp_op=1 actions=output:2
 cookie=0x0, duration=7.873s, table=0, n_packets=1, n_bytes=42, idle_timeout=10, hard_timeout=30, reset_counts priority=65535,arp,in_port=4,vlan_tci=0x0000/0x1fff,dl_src=8e:59:1e:55:78:f6,dl_dst=5e:e3:35:b1:c1:10,arp_spa=10.0.0.15,arp_tpa=10.0.0.5,arp_op=1 actions=output:2
 cookie=0x0, duration=7.686s, table=0, n_packets=1, n_bytes=42, idle_timeout=10, hard_timeout=30, reset_counts priority=65535,arp,in_port=3,vlan_tci=0x0000/0x1fff,dl_src=c6:8f:29:88:35:d6,dl_dst=e2:dc:40:32:1f:4c,arp_spa=10.0.0.9,arp_tpa=10.0.0.8,arp_op=1 actions=output:2
 cookie=0x0, duration=7.684s, table=0, n_packets=1, n_bytes=42, idle_timeout=10, hard_timeout=30, reset_counts priority=65535,arp,in_port=3,vlan_tci=0x0000/0x1fff,dl_src=8e:c9:48:94:bb:bb,dl_dst=1a:fa:f8:17:ba:de,arp_spa=10.0.0.11,arp_tpa=10.0.0.7,arp_op=1 actions=output:2
 cookie=0x0, duration=7.682s, table=0, n_packets=1, n_bytes=42, idle_timeout=10, hard_timeout=30, reset_counts priority=65535,arp,in_port=3,vlan_tci=0x0000/0x1fff,dl_src=ce:eb:b4:05:65:2d,dl_dst=1a:fa:f8:17:ba:de,arp_spa=10.0.0.12,arp_tpa=10.0.0.7,arp_op=1 actions=output:2
 cookie=0x0, duration=7.679s, table=0, n_packets=1, n_bytes=42, idle_timeout=10, hard_timeout=30, reset_counts priority=65535,arp,in_port=3,vlan_tci=0x0000/0x1fff,dl_src=8e:c9:48:94:bb:bb,dl_dst=e2:dc:40:32:1f:4c,arp_spa=10.0.0.11,arp_tpa=10.0.0.8,arp_op=1 actions=output:2
 cookie=0x0, duration=7.677s, table=0, n_packets=1, n_bytes=42, idle_timeout=10, hard_timeout=30, reset_counts priority=65535,arp,in_port=3,vlan_tci=0x0000/0x1fff,dl_src=46:89:81:ce:4d:40,dl_dst=e2:dc:40:32:1f:4c,arp_spa=10.0.0.10,arp_tpa=10.0.0.8,arp_op=1 actions=output:2
 cookie=0x0, duration=7.677s, table=0, n_packets=1, n_bytes=42, idle_timeout=10, hard_timeout=30, reset_counts priority=65535,arp,in_port=3,vlan_tci=0x0000/0x1fff,dl_src=46:89:81:ce:4d:40,dl_dst=1a:fa:f8:17:ba:de,arp_spa=10.0.0.10,arp_tpa=10.0.0.7,arp_op=1 actions=output:2
 cookie=0x0, duration=7.665s, table=0, n_packets=1, n_bytes=42, idle_timeout=10, hard_timeout=30, reset_counts priority=65535,arp,in_port=3,vlan_tci=0x0000/0x1fff,dl_src=c6:8f:29:88:35:d6,dl_dst=1a:fa:f8:17:ba:de,arp_spa=10.0.0.9,arp_tpa=10.0.0.7,arp_op=1 actions=output:2
 cookie=0x0, duration=7.662s, table=0, n_packets=1, n_bytes=42, idle_timeout=10, hard_timeout=30, reset_counts priority=65535,arp,in_port=4,vlan_tci=0x0000/0x1fff,dl_src=8e:59:1e:55:78:f6,dl_dst=1a:fa:f8:17:ba:de,arp_spa=10.0.0.15,arp_tpa=10.0.0.7,arp_op=1 actions=output:2
 cookie=0x0, duration=7.661s, table=0, n_packets=1, n_bytes=42, idle_timeout=10, hard_timeout=30, reset_counts priority=65535,arp,in_port=4,vlan_tci=0x0000/0x1fff,dl_src=72:72:90:9f:88:02,dl_dst=1a:fa:f8:17:ba:de,arp_spa=10.0.0.14,arp_tpa=10.0.0.7,arp_op=1 actions=output:2
 cookie=0x0, duration=7.643s, table=0, n_packets=1, n_bytes=42, idle_timeout=10, hard_timeout=30, reset_counts priority=65535,arp,in_port=4,vlan_tci=0x0000/0x1fff,dl_src=ae:0a:e8:79:de:b1,dl_dst=1a:fa:f8:17:ba:de,arp_spa=10.0.0.13,arp_tpa=10.0.0.7,arp_op=1 actions=output:2
 cookie=0x0, duration=7.640s, table=0, n_packets=1, n_bytes=42, idle_timeout=10, hard_timeout=30, reset_counts priority=65535,arp,in_port=4,vlan_tci=0x0000/0x1fff,dl_src=6e:16:39:bf:be:ef,dl_dst=1a:fa:f8:17:ba:de,arp_spa=10.0.0.16,arp_tpa=10.0.0.7,arp_op=1 actions=output:2
 cookie=0x0, duration=7.407s, table=0, n_packets=1, n_bytes=42, idle_timeout=10, hard_timeout=30, reset_counts priority=65535,arp,in_port=3,vlan_tci=0x0000/0x1fff,dl_src=ce:eb:b4:05:65:2d,dl_dst=e2:dc:40:32:1f:4c,arp_spa=10.0.0.12,arp_tpa=10.0.0.8,arp_op=1 actions=output:2
 cookie=0x0, duration=7.404s, table=0, n_packets=1, n_bytes=42, idle_timeout=10, hard_timeout=30, reset_counts priority=65535,arp,in_port=4,vlan_tci=0x0000/0x1fff,dl_src=ae:0a:e8:79:de:b1,dl_dst=c6:8f:29:88:35:d6,arp_spa=10.0.0.13,arp_tpa=10.0.0.9,arp_op=1 actions=output:3
 cookie=0x0, duration=7.400s, table=0, n_packets=1, n_bytes=42, idle_timeout=10, hard_timeout=30, reset_counts priority=65535,arp,in_port=4,vlan_tci=0x0000/0x1fff,dl_src=6e:16:39:bf:be:ef,dl_dst=e2:dc:40:32:1f:4c,arp_spa=10.0.0.16,arp_tpa=10.0.0.8,arp_op=1 actions=output:2
 cookie=0x0, duration=7.399s, table=0, n_packets=1, n_bytes=42, idle_timeout=10, hard_timeout=30, reset_counts priority=65535,arp,in_port=4,vlan_tci=0x0000/0x1fff,dl_src=ae:0a:e8:79:de:b1,dl_dst=e2:dc:40:32:1f:4c,arp_spa=10.0.0.13,arp_tpa=10.0.0.8,arp_op=1 actions=output:2
 cookie=0x0, duration=7.398s, table=0, n_packets=1, n_bytes=42, idle_timeout=10, hard_timeout=30, reset_counts priority=65535,arp,in_port=4,vlan_tci=0x0000/0x1fff,dl_src=72:72:90:9f:88:02,dl_dst=e2:dc:40:32:1f:4c,arp_spa=10.0.0.14,arp_tpa=10.0.0.8,arp_op=1 actions=output:2
 cookie=0x0, duration=7.394s, table=0, n_packets=1, n_bytes=42, idle_timeout=10, hard_timeout=30, reset_counts priority=65535,arp,in_port=4,vlan_tci=0x0000/0x1fff,dl_src=8e:59:1e:55:78:f6,dl_dst=c6:8f:29:88:35:d6,arp_spa=10.0.0.15,arp_tpa=10.0.0.9,arp_op=1 actions=output:3
 cookie=0x0, duration=7.394s, table=0, n_packets=1, n_bytes=42, idle_timeout=10, hard_timeout=30, reset_counts priority=65535,arp,in_port=4,vlan_tci=0x0000/0x1fff,dl_src=72:72:90:9f:88:02,dl_dst=c6:8f:29:88:35:d6,arp_spa=10.0.0.14,arp_tpa=10.0.0.9,arp_op=1 actions=output:3
 cookie=0x0, duration=7.389s, table=0, n_packets=1, n_bytes=42, idle_timeout=10, hard_timeout=30, reset_counts priority=65535,arp,in_port=4,vlan_tci=0x0000/0x1fff,dl_src=8e:59:1e:55:78:f6,dl_dst=e2:dc:40:32:1f:4c,arp_spa=10.0.0.15,arp_tpa=10.0.0.8,arp_op=1 actions=output:2
 cookie=0x0, duration=7.157s, table=0, n_packets=1, n_bytes=42, idle_timeout=10, hard_timeout=30, reset_counts priority=65535,arp,in_port=4,vlan_tci=0x0000/0x1fff,dl_src=6e:16:39:bf:be:ef,dl_dst=c6:8f:29:88:35:d6,arp_spa=10.0.0.16,arp_tpa=10.0.0.9,arp_op=1 actions=output:3
 cookie=0x0, duration=7.155s, table=0, n_packets=1, n_bytes=42, idle_timeout=10, hard_timeout=30, reset_counts priority=65535,arp,in_port=4,vlan_tci=0x0000/0x1fff,dl_src=72:72:90:9f:88:02,dl_dst=46:89:81:ce:4d:40,arp_spa=10.0.0.14,arp_tpa=10.0.0.10,arp_op=1 actions=output:3
 cookie=0x0, duration=7.154s, table=0, n_packets=1, n_bytes=42, idle_timeout=10, hard_timeout=30, reset_counts priority=65535,arp,in_port=4,vlan_tci=0x0000/0x1fff,dl_src=6e:16:39:bf:be:ef,dl_dst=46:89:81:ce:4d:40,arp_spa=10.0.0.16,arp_tpa=10.0.0.10,arp_op=1 actions=output:3
 cookie=0x0, duration=7.151s, table=0, n_packets=1, n_bytes=42, idle_timeout=10, hard_timeout=30, reset_counts priority=65535,arp,in_port=4,vlan_tci=0x0000/0x1fff,dl_src=8e:59:1e:55:78:f6,dl_dst=46:89:81:ce:4d:40,arp_spa=10.0.0.15,arp_tpa=10.0.0.10,arp_op=1 actions=output:3
 cookie=0x0, duration=7.146s, table=0, n_packets=1, n_bytes=42, idle_timeout=10, hard_timeout=30, reset_counts priority=65535,arp,in_port=4,vlan_tci=0x0000/0x1fff,dl_src=ae:0a:e8:79:de:b1,dl_dst=46:89:81:ce:4d:40,arp_spa=10.0.0.13,arp_tpa=10.0.0.10,arp_op=1 actions=output:3
 cookie=0x0, duration=6.896s, table=0, n_packets=1, n_bytes=42, idle_timeout=10, hard_timeout=30, reset_counts priority=65535,arp,in_port=4,vlan_tci=0x0000/0x1fff,dl_src=6e:16:39:bf:be:ef,dl_dst=ce:eb:b4:05:65:2d,arp_spa=10.0.0.16,arp_tpa=10.0.0.12,arp_op=1 actions=output:3
 cookie=0x0, duration=6.896s, table=0, n_packets=1, n_bytes=42, idle_timeout=10, hard_timeout=30, reset_counts priority=65535,arp,in_port=4,vlan_tci=0x0000/0x1fff,dl_src=6e:16:39:bf:be:ef,dl_dst=8e:c9:48:94:bb:bb,arp_spa=10.0.0.16,arp_tpa=10.0.0.11,arp_op=1 actions=output:3
 cookie=0x0, duration=6.896s, table=0, n_packets=1, n_bytes=42, idle_timeout=10, hard_timeout=30, reset_counts priority=65535,arp,in_port=4,vlan_tci=0x0000/0x1fff,dl_src=8e:59:1e:55:78:f6,dl_dst=ce:eb:b4:05:65:2d,arp_spa=10.0.0.15,arp_tpa=10.0.0.12,arp_op=1 actions=output:3
 cookie=0x0, duration=6.894s, table=0, n_packets=1, n_bytes=42, idle_timeout=10, hard_timeout=30, reset_counts priority=65535,arp,in_port=4,vlan_tci=0x0000/0x1fff,dl_src=ae:0a:e8:79:de:b1,dl_dst=ce:eb:b4:05:65:2d,arp_spa=10.0.0.13,arp_tpa=10.0.0.12,arp_op=1 actions=output:3
 cookie=0x0, duration=6.892s, table=0, n_packets=1, n_bytes=42, idle_timeout=10, hard_timeout=30, reset_counts priority=65535,arp,in_port=4,vlan_tci=0x0000/0x1fff,dl_src=ae:0a:e8:79:de:b1,dl_dst=8e:c9:48:94:bb:bb,arp_spa=10.0.0.13,arp_tpa=10.0.0.11,arp_op=1 actions=output:3
 cookie=0x0, duration=6.889s, table=0, n_packets=1, n_bytes=42, idle_timeout=10, hard_timeout=30, reset_counts priority=65535,arp,in_port=4,vlan_tci=0x0000/0x1fff,dl_src=8e:59:1e:55:78:f6,dl_dst=8e:c9:48:94:bb:bb,arp_spa=10.0.0.15,arp_tpa=10.0.0.11,arp_op=1 actions=output:3
 cookie=0x0, duration=6.888s, table=0, n_packets=1, n_bytes=42, idle_timeout=10, hard_timeout=30, reset_counts priority=65535,arp,in_port=4,vlan_tci=0x0000/0x1fff,dl_src=72:72:90:9f:88:02,dl_dst=ce:eb:b4:05:65:2d,arp_spa=10.0.0.14,arp_tpa=10.0.0.12,arp_op=1 actions=output:3
 cookie=0x0, duration=6.872s, table=0, n_packets=1, n_bytes=42, idle_timeout=10, hard_timeout=30, reset_counts priority=65535,arp,in_port=4,vlan_tci=0x0000/0x1fff,dl_src=72:72:90:9f:88:02,dl_dst=8e:c9:48:94:bb:bb,arp_spa=10.0.0.14,arp_tpa=10.0.0.11,arp_op=1 actions=output:3
 cookie=0x0, duration=9.985s, table=0, n_packets=1, n_bytes=42, idle_timeout=10, hard_timeout=30, reset_counts priority=65535,arp,in_port=4,vlan_tci=0x0000/0x1fff,dl_src=6e:16:39:bf:be:ef,dl_dst=ce:eb:b4:05:65:2d,arp_spa=10.0.0.16,arp_tpa=10.0.0.12,arp_op=1 actions=output:3
 cookie=0x0, duration=9.985s, table=0, n_packets=1, n_bytes=42, idle_timeout=10, hard_timeout=30, reset_counts priority=65535,arp,in_port=4,vlan_tci=0x0000/0x1fff,dl_src=6e:16:39:bf:be:ef,dl_dst=8e:c9:48:94:bb:bb,arp_spa=10.0.0.16,arp_tpa=10.0.0.11,arp_op=1 actions=output:3
 cookie=0x0, duration=9.985s, table=0, n_packets=1, n_bytes=42, idle_timeout=10, hard_timeout=30, reset_counts priority=65535,arp,in_port=4,vlan_tci=0x0000/0x1fff,dl_src=8e:59:1e:55:78:f6,dl_dst=ce:eb:b4:05:65:2d,arp_spa=10.0.0.15,arp_tpa=10.0.0.12,arp_op=1 actions=output:3
 cookie=0x0, duration=9.983s, table=0, n_packets=1, n_bytes=42, idle_timeout=10, hard_timeout=30, reset_counts priority=65535,arp,in_port=4,vlan_tci=0x0000/0x1fff,dl_src=ae:0a:e8:79:de:b1,dl_dst=ce:eb:b4:05:65:2d,arp_spa=10.0.0.13,arp_tpa=10.0.0.12,arp_op=1 actions=output:3
 cookie=0x0, duration=9.981s, table=0, n_packets=1, n_bytes=42, idle_timeout=10, hard_timeout=30, reset_counts priority=65535,arp,in_port=4,vlan_tci=0x0000/0x1fff,dl_src=ae:0a:e8:79:de:b1,dl_dst=8e:c9:48:94:bb:bb,arp_spa=10.0.0.13,arp_tpa=10.0.0.11,arp_op=1 actions=output:3
 cookie=0x0, duration=9.978s, table=0, n_packets=1, n_bytes=42, idle_timeout=10, hard_timeout=30, reset_counts priority=65535,arp,in_port=4,vlan_tci=0x0000/0x1fff,dl_src=8e:59:1e:55:78:f6,dl_dst=8e:c9:48:94:bb:bb,arp_spa=10.0.0.15,arp_tpa=10.0.0.11,arp_op=1 actions=output:3
 cookie=0x0, duration=9.977s, table=0, n_packets=1, n_bytes=42, idle_timeout=10, hard_timeout=30, reset_counts priority=65535,arp,in_port=4,vlan_tci=0x0000/0x1fff,dl_src=72:72:90:9f:88:02,dl_dst=ce:eb:b4:05:65:2d,arp_spa=10.0.0.14,arp_tpa=10.0.0.12,arp_op=1 actions=output:3
 cookie=0x0, duration=9.961s, table=0, n_packets=1, n_bytes=42, idle_timeout=10, hard_timeout=30, reset_counts priority=65535,arp,in_port=4,vlan_tci=0x0000/0x1fff,dl_src=72:72:90:9f:88:02,dl_dst=8e:c9:48:94:bb:bb,arp_spa=10.0.0.14,arp_tpa=10.0.0.11,arp_op=1 actions=output:3
