 cookie=0x0, duration=12.947s, table=0, n_packets=2, n_bytes=84, idle_timeout=10, hard_timeout=30, reset_counts priority=65535,arp,in_port=1,vlan_tci=0x0000/0x1fff,dl_src=aa:06:64:62:0d:8b,dl_dst=62:64:ce:ca:ed:36,arp_spa=10.0.0.3,arp_tpa=10.0.0.7,arp_op=2 actions=output:2
 cookie=0x0, duration=16.009s, table=0, n_packets=2, n_bytes=84, idle_timeout=10, hard_timeout=30, reset_counts priority=65535,arp,in_port=1,vlan_tci=0x0000/0x1fff,dl_src=aa:06:64:62:0d:8b,dl_dst=62:64:ce:ca:ed:36,arp_spa=10.0.0.3,arp_tpa=10.0.0.7,arp_op=2 actions=output:2
 cookie=0x0, duration=19.069s, table=0, n_packets=3, n_bytes=126, idle_timeout=10, hard_timeout=30, reset_counts priority=65535,arp,in_port=1,vlan_tci=0x0000/0x1fff,dl_src=aa:06:64:62:0d:8b,dl_dst=62:64:ce:ca:ed:36,arp_spa=10.0.0.3,arp_tpa=10.0.0.7,arp_op=2 actions=output:2
 cookie=0x0, duration=22.111s, table=0, n_packets=5, n_bytes=210, idle_timeout=10, hard_timeout=30, reset_counts priority=65535,arp,in_port=1,vlan_tci=0x0000/0x1fff,dl_src=aa:06:64:62:0d:8b,dl_dst=62:64:ce:ca:ed:36,arp_spa=10.0.0.3,arp_tpa=10.0.0.7,arp_op=2 actions=output:2
 cookie=0x0, duration=25.169s, table=0, n_packets=5, n_bytes=210, idle_timeout=10, hard_timeout=30, reset_counts priority=65535,arp,in_port=1,vlan_tci=0x0000/0x1fff,dl_src=aa:06:64:62:0d:8b,dl_dst=62:64:ce:ca:ed:36,arp_spa=10.0.0.3,arp_tpa=10.0.0.7,arp_op=2 actions=output:2
 cookie=0x0, duration=0.814s, table=0, n_packets=1, n_bytes=42, idle_timeout=10, hard_timeout=30, reset_counts priority=65535,arp,in_port=2,vlan_tci=0x0000/0x1fff,dl_src=62:64:ce:ca:ed:36,dl_dst=aa:06:64:62:0d:8b,arp_spa=10.0.0.7,arp_tpa=10.0.0.1,arp_op=2 actions=output:1
 cookie=0x0, duration=28.210s, table=0, n_packets=8, n_bytes=336, idle_timeout=10, hard_timeout=30, reset_counts priority=65535,arp,in_port=1,vlan_tci=0x0000/0x1fff,dl_src=aa:06:64:62:0d:8b,dl_dst=62:64:ce:ca:ed:36,arp_spa=10.0.0.3,arp_tpa=10.0.0.7,arp_op=2 actions=output:2
 cookie=0x0, duration=3.855s, table=0, n_packets=1, n_bytes=42, idle_timeout=10, hard_timeout=30, reset_counts priority=65535,arp,in_port=2,vlan_tci=0x0000/0x1fff,dl_src=62:64:ce:ca:ed:36,dl_dst=aa:06:64:62:0d:8b,arp_spa=10.0.0.7,arp_tpa=10.0.0.1,arp_op=2 actions=output:1
 cookie=0x0, duration=6.909s, table=0, n_packets=1, n_bytes=42, idle_timeout=10, hard_timeout=30, reset_counts priority=65535,arp,in_port=2,vlan_tci=0x0000/0x1fff,dl_src=62:64:ce:ca:ed:36,dl_dst=aa:06:64:62:0d:8b,arp_spa=10.0.0.7,arp_tpa=10.0.0.1,arp_op=2 actions=output:1
 cookie=0x0, duration=9.964s, table=0, n_packets=1, n_bytes=42, idle_timeout=10, hard_timeout=30, reset_counts priority=65535,arp,in_port=2,vlan_tci=0x0000/0x1fff,dl_src=62:64:ce:ca:ed:36,dl_dst=aa:06:64:62:0d:8b,arp_spa=10.0.0.7,arp_tpa=10.0.0.1,arp_op=2 actions=output:1
 cookie=0x0, duration=1.026s, table=0, n_packets=1, n_bytes=42, idle_timeout=10, hard_timeout=30, reset_counts priority=65535,arp,in_port=1,vlan_tci=0x0000/0x1fff,dl_src=aa:06:64:62:0d:8b,dl_dst=62:64:ce:ca:ed:36,arp_spa=10.0.0.3,arp_tpa=10.0.0.7,arp_op=2 actions=output:2
 cookie=0x0, duration=4.084s, table=0, n_packets=1, n_bytes=42, idle_timeout=10, hard_timeout=30, reset_counts priority=65535,arp,in_port=1,vlan_tci=0x0000/0x1fff,dl_src=aa:06:64:62:0d:8b,dl_dst=62:64:ce:ca:ed:36,arp_spa=10.0.0.3,arp_tpa=10.0.0.7,arp_op=2 actions=output:2
 cookie=0x0, duration=7.164s, table=0, n_packets=1, n_bytes=42, idle_timeout=10, hard_timeout=30, reset_counts priority=65535,arp,in_port=1,vlan_tci=0x0000/0x1fff,dl_src=aa:06:64:62:0d:8b,dl_dst=62:64:ce:ca:ed:36,arp_spa=10.0.0.3,arp_tpa=10.0.0.7,arp_op=2 actions=output:2
 cookie=0x0, duration=10.255s, table=0, n_packets=2, n_bytes=84, idle_timeout=10, hard_timeout=30, reset_counts priority=65535,arp,in_port=1,vlan_tci=0x0000/0x1fff,dl_src=aa:06:64:62:0d:8b,dl_dst=62:64:ce:ca:ed:36,arp_spa=10.0.0.3,arp_tpa=10.0.0.7,arp_op=2 actions=output:2
 cookie=0x0, duration=13.315s, table=0, n_packets=2, n_bytes=84, idle_timeout=10, hard_timeout=30, reset_counts priority=65535,arp,in_port=1,vlan_tci=0x0000/0x1fff,dl_src=aa:06:64:62:0d:8b,dl_dst=62:64:ce:ca:ed:36,arp_spa=10.0.0.3,arp_tpa=10.0.0.7,arp_op=2 actions=output:2
 cookie=0x0, duration=16.374s, table=0, n_packets=2, n_bytes=84, idle_timeout=10, hard_timeout=30, reset_counts priority=65535,arp,in_port=1,vlan_tci=0x0000/0x1fff,dl_src=aa:06:64:62:0d:8b,dl_dst=62:64:ce:ca:ed:36,arp_spa=10.0.0.3,arp_tpa=10.0.0.7,arp_op=2 actions=output:2
 cookie=0x0, duration=19.427s, table=0, n_packets=2, n_bytes=84, idle_timeout=10, hard_timeout=30, reset_counts priority=65535,arp,in_port=1,vlan_tci=0x0000/0x1fff,dl_src=aa:06:64:62:0d:8b,dl_dst=62:64:ce:ca:ed:36,arp_spa=10.0.0.3,arp_tpa=10.0.0.7,arp_op=2 actions=output:2
 cookie=0x0, duration=22.483s, table=0, n_packets=3, n_bytes=126, idle_timeout=10, hard_timeout=30, reset_counts priority=65535,arp,in_port=1,vlan_tci=0x0000/0x1fff,dl_src=aa:06:64:62:0d:8b,dl_dst=62:64:ce:ca:ed:36,arp_spa=10.0.0.3,arp_tpa=10.0.0.7,arp_op=2 actions=output:2
 cookie=0x0, duration=25.540s, table=0, n_packets=3, n_bytes=126, idle_timeout=10, hard_timeout=30, reset_counts priority=65535,arp,in_port=1,vlan_tci=0x0000/0x1fff,dl_src=aa:06:64:62:0d:8b,dl_dst=62:64:ce:ca:ed:36,arp_spa=10.0.0.3,arp_tpa=10.0.0.7,arp_op=2 actions=output:2
 cookie=0x0, duration=28.636s, table=0, n_packets=3, n_bytes=126, idle_timeout=10, hard_timeout=30, reset_counts priority=65535,arp,in_port=1,vlan_tci=0x0000/0x1fff,dl_src=aa:06:64:62:0d:8b,dl_dst=62:64:ce:ca:ed:36,arp_spa=10.0.0.3,arp_tpa=10.0.0.7,arp_op=2 actions=output:2
 cookie=0x0, duration=0.841s, table=0, n_packets=1, n_bytes=42, idle_timeout=10, hard_timeout=30, reset_counts priority=65535,arp,in_port=1,vlan_tci=0x0000/0x1fff,dl_src=aa:06:64:62:0d:8b,dl_dst=62:64:ce:ca:ed:36,arp_spa=10.0.0.3,arp_tpa=10.0.0.7,arp_op=2 actions=output:2
 cookie=0x0, duration=3.887s, table=0, n_packets=1, n_bytes=42, idle_timeout=10, hard_timeout=30, reset_counts priority=65535,arp,in_port=1,vlan_tci=0x0000/0x1fff,dl_src=aa:06:64:62:0d:8b,dl_dst=62:64:ce:ca:ed:36,arp_spa=10.0.0.3,arp_tpa=10.0.0.7,arp_op=2 actions=output:2
 cookie=0x0, duration=6.954s, table=0, n_packets=1, n_bytes=42, idle_timeout=10, hard_timeout=30, reset_counts priority=65535,arp,in_port=1,vlan_tci=0x0000/0x1fff,dl_src=aa:06:64:62:0d:8b,dl_dst=62:64:ce:ca:ed:36,arp_spa=10.0.0.3,arp_tpa=10.0.0.7,arp_op=2 actions=output:2
 cookie=0x0, duration=10.063s, table=0, n_packets=2, n_bytes=84, idle_timeout=10, hard_timeout=30, reset_counts priority=65535,arp,in_port=1,vlan_tci=0x0000/0x1fff,dl_src=aa:06:64:62:0d:8b,dl_dst=62:64:ce:ca:ed:36,arp_spa=10.0.0.3,arp_tpa=10.0.0.7,arp_op=2 actions=output:2
 cookie=0x0, duration=13.119s, table=0, n_packets=2, n_bytes=84, idle_timeout=10, hard_timeout=30, reset_counts priority=65535,arp,in_port=1,vlan_tci=0x0000/0x1fff,dl_src=aa:06:64:62:0d:8b,dl_dst=62:64:ce:ca:ed:36,arp_spa=10.0.0.3,arp_tpa=10.0.0.7,arp_op=2 actions=output:2
 cookie=0x0, duration=16.203s, table=0, n_packets=2, n_bytes=84, idle_timeout=10, hard_timeout=30, reset_counts priority=65535,arp,in_port=1,vlan_tci=0x0000/0x1fff,dl_src=aa:06:64:62:0d:8b,dl_dst=62:64:ce:ca:ed:36,arp_spa=10.0.0.3,arp_tpa=10.0.0.7,arp_op=2 actions=output:2
 cookie=0x0, duration=19.272s, table=0, n_packets=2, n_bytes=84, idle_timeout=10, hard_timeout=30, reset_counts priority=65535,arp,in_port=1,vlan_tci=0x0000/0x1fff,dl_src=aa:06:64:62:0d:8b,dl_dst=62:64:ce:ca:ed:36,arp_spa=10.0.0.3,arp_tpa=10.0.0.7,arp_op=2 actions=output:2
 cookie=0x0, duration=22.333s, table=0, n_packets=3, n_bytes=126, idle_timeout=10, hard_timeout=30, reset_counts priority=65535,arp,in_port=1,vlan_tci=0x0000/0x1fff,dl_src=aa:06:64:62:0d:8b,dl_dst=62:64:ce:ca:ed:36,arp_spa=10.0.0.3,arp_tpa=10.0.0.7,arp_op=2 actions=output:2
 cookie=0x0, duration=25.394s, table=0, n_packets=3, n_bytes=126, idle_timeout=10, hard_timeout=30, reset_counts priority=65535,arp,in_port=1,vlan_tci=0x0000/0x1fff,dl_src=aa:06:64:62:0d:8b,dl_dst=62:64:ce:ca:ed:36,arp_spa=10.0.0.3,arp_tpa=10.0.0.7,arp_op=2 actions=output:2
 cookie=0x0, duration=28.458s, table=0, n_packets=3, n_bytes=126, idle_timeout=10, hard_timeout=30, reset_counts priority=65535,arp,in_port=1,vlan_tci=0x0000/0x1fff,dl_src=aa:06:64:62:0d:8b,dl_dst=62:64:ce:ca:ed:36,arp_spa=10.0.0.3,arp_tpa=10.0.0.7,arp_op=2 actions=output:2
 cookie=0x0, duration=0.652s, table=0, n_packets=1, n_bytes=42, idle_timeout=10, hard_timeout=30, reset_counts priority=65535,arp,in_port=1,vlan_tci=0x0000/0x1fff,dl_src=aa:06:64:62:0d:8b,dl_dst=62:64:ce:ca:ed:36,arp_spa=10.0.0.3,arp_tpa=10.0.0.7,arp_op=2 actions=output:2
 cookie=0x0, duration=3.715s, table=0, n_packets=1, n_bytes=42, idle_timeout=10, hard_timeout=30, reset_counts priority=65535,arp,in_port=1,vlan_tci=0x0000/0x1fff,dl_src=aa:06:64:62:0d:8b,dl_dst=62:64:ce:ca:ed:36,arp_spa=10.0.0.3,arp_tpa=10.0.0.7,arp_op=2 actions=output:2
 cookie=0x0, duration=6.775s, table=0, n_packets=1, n_bytes=42, idle_timeout=10, hard_timeout=30, reset_counts priority=65535,arp,in_port=1,vlan_tci=0x0000/0x1fff,dl_src=aa:06:64:62:0d:8b,dl_dst=62:64:ce:ca:ed:36,arp_spa=10.0.0.3,arp_tpa=10.0.0.7,arp_op=2 actions=output:2
 cookie=0x0, duration=9.838s, table=0, n_packets=1, n_bytes=42, idle_timeout=10, hard_timeout=30, reset_counts priority=65535,arp,in_port=1,vlan_tci=0x0000/0x1fff,dl_src=aa:06:64:62:0d:8b,dl_dst=62:64:ce:ca:ed:36,arp_spa=10.0.0.3,arp_tpa=10.0.0.7,arp_op=2 actions=output:2
 cookie=0x0, duration=12.908s, table=0, n_packets=2, n_bytes=84, idle_timeout=10, hard_timeout=30, reset_counts priority=65535,arp,in_port=1,vlan_tci=0x0000/0x1fff,dl_src=aa:06:64:62:0d:8b,dl_dst=62:64:ce:ca:ed:36,arp_spa=10.0.0.3,arp_tpa=10.0.0.7,arp_op=2 actions=output:2
 cookie=0x0, duration=15.952s, table=0, n_packets=2, n_bytes=84, idle_timeout=10, hard_timeout=30, reset_counts priority=65535,arp,in_port=1,vlan_tci=0x0000/0x1fff,dl_src=aa:06:64:62:0d:8b,dl_dst=62:64:ce:ca:ed:36,arp_spa=10.0.0.3,arp_tpa=10.0.0.7,arp_op=2 actions=output:2
 cookie=0x0, duration=19.009s, table=0, n_packets=2, n_bytes=84, idle_timeout=10, hard_timeout=30, reset_counts priority=65535,arp,in_port=1,vlan_tci=0x0000/0x1fff,dl_src=aa:06:64:62:0d:8b,dl_dst=62:64:ce:ca:ed:36,arp_spa=10.0.0.3,arp_tpa=10.0.0.7,arp_op=2 actions=output:2
 cookie=0x0, duration=22.073s, table=0, n_packets=3, n_bytes=126, idle_timeout=10, hard_timeout=30, reset_counts priority=65535,arp,in_port=1,vlan_tci=0x0000/0x1fff,dl_src=aa:06:64:62:0d:8b,dl_dst=62:64:ce:ca:ed:36,arp_spa=10.0.0.3,arp_tpa=10.0.0.7,arp_op=2 actions=output:2
 cookie=0x0, duration=25.132s, table=0, n_packets=3, n_bytes=126, idle_timeout=10, hard_timeout=30, reset_counts priority=65535,arp,in_port=1,vlan_tci=0x0000/0x1fff,dl_src=aa:06:64:62:0d:8b,dl_dst=62:64:ce:ca:ed:36,arp_spa=10.0.0.3,arp_tpa=10.0.0.7,arp_op=2 actions=output:2
 cookie=0x0, duration=28.210s, table=0, n_packets=3, n_bytes=126, idle_timeout=10, hard_timeout=30, reset_counts priority=65535,arp,in_port=1,vlan_tci=0x0000/0x1fff,dl_src=aa:06:64:62:0d:8b,dl_dst=62:64:ce:ca:ed:36,arp_spa=10.0.0.3,arp_tpa=10.0.0.7,arp_op=2 actions=output:2
 cookie=0x0, duration=0.419s, table=0, n_packets=1, n_bytes=42, idle_timeout=10, hard_timeout=30, reset_counts priority=65535,arp,in_port=1,vlan_tci=0x0000/0x1fff,dl_src=aa:06:64:62:0d:8b,dl_dst=62:64:ce:ca:ed:36,arp_spa=10.0.0.3,arp_tpa=10.0.0.7,arp_op=2 actions=output:2
 cookie=0x0, duration=3.472s, table=0, n_packets=1, n_bytes=42, idle_timeout=10, hard_timeout=30, reset_counts priority=65535,arp,in_port=1,vlan_tci=0x0000/0x1fff,dl_src=aa:06:64:62:0d:8b,dl_dst=62:64:ce:ca:ed:36,arp_spa=10.0.0.3,arp_tpa=10.0.0.7,arp_op=2 actions=output:2
 cookie=0x0, duration=6.528s, table=0, n_packets=1, n_bytes=42, idle_timeout=10, hard_timeout=30, reset_counts priority=65535,arp,in_port=1,vlan_tci=0x0000/0x1fff,dl_src=aa:06:64:62:0d:8b,dl_dst=62:64:ce:ca:ed:36,arp_spa=10.0.0.3,arp_tpa=10.0.0.7,arp_op=2 actions=output:2
 cookie=0x0, duration=9.593s, table=0, n_packets=1, n_bytes=42, idle_timeout=10, hard_timeout=30, reset_counts priority=65535,arp,in_port=1,vlan_tci=0x0000/0x1fff,dl_src=aa:06:64:62:0d:8b,dl_dst=62:64:ce:ca:ed:36,arp_spa=10.0.0.3,arp_tpa=10.0.0.7,arp_op=2 actions=output:2
 cookie=0x0, duration=12.649s, table=0, n_packets=2, n_bytes=84, idle_timeout=10, hard_timeout=30, reset_counts priority=65535,arp,in_port=1,vlan_tci=0x0000/0x1fff,dl_src=aa:06:64:62:0d:8b,dl_dst=62:64:ce:ca:ed:36,arp_spa=10.0.0.3,arp_tpa=10.0.0.7,arp_op=2 actions=output:2
 cookie=0x0, duration=15.701s, table=0, n_packets=2, n_bytes=84, idle_timeout=10, hard_timeout=30, reset_counts priority=65535,arp,in_port=1,vlan_tci=0x0000/0x1fff,dl_src=aa:06:64:62:0d:8b,dl_dst=62:64:ce:ca:ed:36,arp_spa=10.0.0.3,arp_tpa=10.0.0.7,arp_op=2 actions=output:2
 cookie=0x0, duration=18.754s, table=0, n_packets=2, n_bytes=84, idle_timeout=10, hard_timeout=30, reset_counts priority=65535,arp,in_port=1,vlan_tci=0x0000/0x1fff,dl_src=aa:06:64:62:0d:8b,dl_dst=62:64:ce:ca:ed:36,arp_spa=10.0.0.3,arp_tpa=10.0.0.7,arp_op=2 actions=output:2
 cookie=0x0, duration=21.807s, table=0, n_packets=3, n_bytes=126, idle_timeout=10, hard_timeout=30, reset_counts priority=65535,arp,in_port=1,vlan_tci=0x0000/0x1fff,dl_src=aa:06:64:62:0d:8b,dl_dst=62:64:ce:ca:ed:36,arp_spa=10.0.0.3,arp_tpa=10.0.0.7,arp_op=2 actions=output:2
 cookie=0x0, duration=24.864s, table=0, n_packets=3, n_bytes=126, idle_timeout=10, hard_timeout=30, reset_counts priority=65535,arp,in_port=1,vlan_tci=0x0000/0x1fff,dl_src=aa:06:64:62:0d:8b,dl_dst=62:64:ce:ca:ed:36,arp_spa=10.0.0.3,arp_tpa=10.0.0.7,arp_op=2 actions=output:2
 cookie=0x0, duration=27.904s, table=0, n_packets=3, n_bytes=126, idle_timeout=10, hard_timeout=30, reset_counts priority=65535,arp,in_port=1,vlan_tci=0x0000/0x1fff,dl_src=aa:06:64:62:0d:8b,dl_dst=62:64:ce:ca:ed:36,arp_spa=10.0.0.3,arp_tpa=10.0.0.7,arp_op=2 actions=output:2
 cookie=0x0, duration=0.093s, table=0, n_packets=1, n_bytes=42, idle_timeout=10, hard_timeout=30, reset_counts priority=65535,arp,in_port=1,vlan_tci=0x0000/0x1fff,dl_src=aa:06:64:62:0d:8b,dl_dst=62:64:ce:ca:ed:36,arp_spa=10.0.0.3,arp_tpa=10.0.0.7,arp_op=2 actions=output:2
 cookie=0x0, duration=3.156s, table=0, n_packets=1, n_bytes=42, idle_timeout=10, hard_timeout=30, reset_counts priority=65535,arp,in_port=1,vlan_tci=0x0000/0x1fff,dl_src=aa:06:64:62:0d:8b,dl_dst=62:64:ce:ca:ed:36,arp_spa=10.0.0.3,arp_tpa=10.0.0.7,arp_op=2 actions=output:2
 cookie=0x0, duration=6.234s, table=0, n_packets=1, n_bytes=42, idle_timeout=10, hard_timeout=30, reset_counts priority=65535,arp,in_port=1,vlan_tci=0x0000/0x1fff,dl_src=aa:06:64:62:0d:8b,dl_dst=62:64:ce:ca:ed:36,arp_spa=10.0.0.3,arp_tpa=10.0.0.7,arp_op=2 actions=output:2
 cookie=0x0, duration=9.299s, table=0, n_packets=1, n_bytes=42, idle_timeout=10, hard_timeout=30, reset_counts priority=65535,arp,in_port=1,vlan_tci=0x0000/0x1fff,dl_src=aa:06:64:62:0d:8b,dl_dst=62:64:ce:ca:ed:36,arp_spa=10.0.0.3,arp_tpa=10.0.0.7,arp_op=2 actions=output:2
 cookie=0x0, duration=12.355s, table=0, n_packets=2, n_bytes=84, idle_timeout=10, hard_timeout=30, reset_counts priority=65535,arp,in_port=1,vlan_tci=0x0000/0x1fff,dl_src=aa:06:64:62:0d:8b,dl_dst=62:64:ce:ca:ed:36,arp_spa=10.0.0.3,arp_tpa=10.0.0.7,arp_op=2 actions=output:2
 cookie=0x0, duration=15.394s, table=0, n_packets=2, n_bytes=84, idle_timeout=10, hard_timeout=30, reset_counts priority=65535,arp,in_port=1,vlan_tci=0x0000/0x1fff,dl_src=aa:06:64:62:0d:8b,dl_dst=62:64:ce:ca:ed:36,arp_spa=10.0.0.3,arp_tpa=10.0.0.7,arp_op=2 actions=output:2
 cookie=0x0, duration=18.442s, table=0, n_packets=2, n_bytes=84, idle_timeout=10, hard_timeout=30, reset_counts priority=65535,arp,in_port=1,vlan_tci=0x0000/0x1fff,dl_src=aa:06:64:62:0d:8b,dl_dst=62:64:ce:ca:ed:36,arp_spa=10.0.0.3,arp_tpa=10.0.0.7,arp_op=2 actions=output:2
 cookie=0x0, duration=21.510s, table=0, n_packets=3, n_bytes=126, idle_timeout=10, hard_timeout=30, reset_counts priority=65535,arp,in_port=1,vlan_tci=0x0000/0x1fff,dl_src=aa:06:64:62:0d:8b,dl_dst=62:64:ce:ca:ed:36,arp_spa=10.0.0.3,arp_tpa=10.0.0.7,arp_op=2 actions=output:2
 cookie=0x0, duration=24.580s, table=0, n_packets=3, n_bytes=126, idle_timeout=10, hard_timeout=30, reset_counts priority=65535,arp,in_port=1,vlan_tci=0x0000/0x1fff,dl_src=aa:06:64:62:0d:8b,dl_dst=62:64:ce:ca:ed:36,arp_spa=10.0.0.3,arp_tpa=10.0.0.7,arp_op=2 actions=output:2
 cookie=0x0, duration=27.620s, table=0, n_packets=3, n_bytes=126, idle_timeout=10, hard_timeout=30, reset_counts priority=65535,arp,in_port=1,vlan_tci=0x0000/0x1fff,dl_src=aa:06:64:62:0d:8b,dl_dst=62:64:ce:ca:ed:36,arp_spa=10.0.0.3,arp_tpa=10.0.0.7,arp_op=2 actions=output:2
 cookie=0x0, duration=2.940s, table=0, n_packets=1, n_bytes=42, idle_timeout=10, hard_timeout=30, reset_counts priority=65535,arp,in_port=1,vlan_tci=0x0000/0x1fff,dl_src=aa:06:64:62:0d:8b,dl_dst=62:64:ce:ca:ed:36,arp_spa=10.0.0.3,arp_tpa=10.0.0.7,arp_op=2 actions=output:2
 cookie=0x0, duration=5.984s, table=0, n_packets=1, n_bytes=42, idle_timeout=10, hard_timeout=30, reset_counts priority=65535,arp,in_port=1,vlan_tci=0x0000/0x1fff,dl_src=aa:06:64:62:0d:8b,dl_dst=62:64:ce:ca:ed:36,arp_spa=10.0.0.3,arp_tpa=10.0.0.7,arp_op=2 actions=output:2
 cookie=0x0, duration=9.047s, table=0, n_packets=1, n_bytes=42, idle_timeout=10, hard_timeout=30, reset_counts priority=65535,arp,in_port=1,vlan_tci=0x0000/0x1fff,dl_src=aa:06:64:62:0d:8b,dl_dst=62:64:ce:ca:ed:36,arp_spa=10.0.0.3,arp_tpa=10.0.0.7,arp_op=2 actions=output:2
 cookie=0x0, duration=12.095s, table=0, n_packets=2, n_bytes=84, idle_timeout=10, hard_timeout=30, reset_counts priority=65535,arp,in_port=1,vlan_tci=0x0000/0x1fff,dl_src=aa:06:64:62:0d:8b,dl_dst=62:64:ce:ca:ed:36,arp_spa=10.0.0.3,arp_tpa=10.0.0.7,arp_op=2 actions=output:2
 cookie=0x0, duration=15.153s, table=0, n_packets=2, n_bytes=84, idle_timeout=10, hard_timeout=30, reset_counts priority=65535,arp,in_port=1,vlan_tci=0x0000/0x1fff,dl_src=aa:06:64:62:0d:8b,dl_dst=62:64:ce:ca:ed:36,arp_spa=10.0.0.3,arp_tpa=10.0.0.7,arp_op=2 actions=output:2
 cookie=0x0, duration=18.195s, table=0, n_packets=2, n_bytes=84, idle_timeout=10, hard_timeout=30, reset_counts priority=65535,arp,in_port=1,vlan_tci=0x0000/0x1fff,dl_src=aa:06:64:62:0d:8b,dl_dst=62:64:ce:ca:ed:36,arp_spa=10.0.0.3,arp_tpa=10.0.0.7,arp_op=2 actions=output:2
 cookie=0x0, duration=21.240s, table=0, n_packets=3, n_bytes=126, idle_timeout=10, hard_timeout=30, reset_counts priority=65535,arp,in_port=1,vlan_tci=0x0000/0x1fff,dl_src=aa:06:64:62:0d:8b,dl_dst=62:64:ce:ca:ed:36,arp_spa=10.0.0.3,arp_tpa=10.0.0.7,arp_op=2 actions=output:2
 cookie=0x0, duration=24.319s, table=0, n_packets=3, n_bytes=126, idle_timeout=10, hard_timeout=30, reset_counts priority=65535,arp,in_port=1,vlan_tci=0x0000/0x1fff,dl_src=aa:06:64:62:0d:8b,dl_dst=62:64:ce:ca:ed:36,arp_spa=10.0.0.3,arp_tpa=10.0.0.7,arp_op=2 actions=output:2
 cookie=0x0, duration=27.414s, table=0, n_packets=3, n_bytes=126, idle_timeout=10, hard_timeout=30, reset_counts priority=65535,arp,in_port=1,vlan_tci=0x0000/0x1fff,dl_src=aa:06:64:62:0d:8b,dl_dst=62:64:ce:ca:ed:36,arp_spa=10.0.0.3,arp_tpa=10.0.0.7,arp_op=2 actions=output:2
 cookie=0x0, duration=2.713s, table=0, n_packets=1, n_bytes=42, idle_timeout=10, hard_timeout=30, reset_counts priority=65535,arp,in_port=1,vlan_tci=0x0000/0x1fff,dl_src=aa:06:64:62:0d:8b,dl_dst=62:64:ce:ca:ed:36,arp_spa=10.0.0.3,arp_tpa=10.0.0.7,arp_op=2 actions=output:2
 cookie=0x0, duration=5.780s, table=0, n_packets=1, n_bytes=42, idle_timeout=10, hard_timeout=30, reset_counts priority=65535,arp,in_port=1,vlan_tci=0x0000/0x1fff,dl_src=aa:06:64:62:0d:8b,dl_dst=62:64:ce:ca:ed:36,arp_spa=10.0.0.3,arp_tpa=10.0.0.7,arp_op=2 actions=output:2
 cookie=0x0, duration=8.821s, table=0, n_packets=1, n_bytes=42, idle_timeout=10, hard_timeout=30, reset_counts priority=65535,arp,in_port=1,vlan_tci=0x0000/0x1fff,dl_src=aa:06:64:62:0d:8b,dl_dst=62:64:ce:ca:ed:36,arp_spa=10.0.0.3,arp_tpa=10.0.0.7,arp_op=2 actions=output:2
 cookie=0x0, duration=11.882s, table=0, n_packets=2, n_bytes=84, idle_timeout=10, hard_timeout=30, reset_counts priority=65535,arp,in_port=1,vlan_tci=0x0000/0x1fff,dl_src=aa:06:64:62:0d:8b,dl_dst=62:64:ce:ca:ed:36,arp_spa=10.0.0.3,arp_tpa=10.0.0.7,arp_op=2 actions=output:2
 cookie=0x0, duration=14.950s, table=0, n_packets=2, n_bytes=84, idle_timeout=10, hard_timeout=30, reset_counts priority=65535,arp,in_port=1,vlan_tci=0x0000/0x1fff,dl_src=aa:06:64:62:0d:8b,dl_dst=62:64:ce:ca:ed:36,arp_spa=10.0.0.3,arp_tpa=10.0.0.7,arp_op=2 actions=output:2
 cookie=0x0, duration=18.024s, table=0, n_packets=2, n_bytes=84, idle_timeout=10, hard_timeout=30, reset_counts priority=65535,arp,in_port=1,vlan_tci=0x0000/0x1fff,dl_src=aa:06:64:62:0d:8b,dl_dst=62:64:ce:ca:ed:36,arp_spa=10.0.0.3,arp_tpa=10.0.0.7,arp_op=2 actions=output:2
 cookie=0x0, duration=21.099s, table=0, n_packets=3, n_bytes=126, idle_timeout=10, hard_timeout=30, reset_counts priority=65535,arp,in_port=1,vlan_tci=0x0000/0x1fff,dl_src=aa:06:64:62:0d:8b,dl_dst=62:64:ce:ca:ed:36,arp_spa=10.0.0.3,arp_tpa=10.0.0.7,arp_op=2 actions=output:2
 cookie=0x0, duration=24.158s, table=0, n_packets=3, n_bytes=126, idle_timeout=10, hard_timeout=30, reset_counts priority=65535,arp,in_port=1,vlan_tci=0x0000/0x1fff,dl_src=aa:06:64:62:0d:8b,dl_dst=62:64:ce:ca:ed:36,arp_spa=10.0.0.3,arp_tpa=10.0.0.7,arp_op=2 actions=output:2
 cookie=0x0, duration=27.217s, table=0, n_packets=3, n_bytes=126, idle_timeout=10, hard_timeout=30, reset_counts priority=65535,arp,in_port=1,vlan_tci=0x0000/0x1fff,dl_src=aa:06:64:62:0d:8b,dl_dst=62:64:ce:ca:ed:36,arp_spa=10.0.0.3,arp_tpa=10.0.0.7,arp_op=2 actions=output:2
 cookie=0x0, duration=2.438s, table=0, n_packets=1, n_bytes=42, idle_timeout=10, hard_timeout=30, reset_counts priority=65535,arp,in_port=1,vlan_tci=0x0000/0x1fff,dl_src=aa:06:64:62:0d:8b,dl_dst=62:64:ce:ca:ed:36,arp_spa=10.0.0.3,arp_tpa=10.0.0.7,arp_op=2 actions=output:2
 cookie=0x0, duration=5.481s, table=0, n_packets=1, n_bytes=42, idle_timeout=10, hard_timeout=30, reset_counts priority=65535,arp,in_port=1,vlan_tci=0x0000/0x1fff,dl_src=aa:06:64:62:0d:8b,dl_dst=62:64:ce:ca:ed:36,arp_spa=10.0.0.3,arp_tpa=10.0.0.7,arp_op=2 actions=output:2
 cookie=0x0, duration=8.536s, table=0, n_packets=1, n_bytes=42, idle_timeout=10, hard_timeout=30, reset_counts priority=65535,arp,in_port=1,vlan_tci=0x0000/0x1fff,dl_src=aa:06:64:62:0d:8b,dl_dst=62:64:ce:ca:ed:36,arp_spa=10.0.0.3,arp_tpa=10.0.0.7,arp_op=2 actions=output:2
 cookie=0x0, duration=11.596s, table=0, n_packets=2, n_bytes=84, idle_timeout=10, hard_timeout=30, reset_counts priority=65535,arp,in_port=1,vlan_tci=0x0000/0x1fff,dl_src=aa:06:64:62:0d:8b,dl_dst=62:64:ce:ca:ed:36,arp_spa=10.0.0.3,arp_tpa=10.0.0.7,arp_op=2 actions=output:2
 cookie=0x0, duration=14.633s, table=0, n_packets=2, n_bytes=84, idle_timeout=10, hard_timeout=30, reset_counts priority=65535,arp,in_port=1,vlan_tci=0x0000/0x1fff,dl_src=aa:06:64:62:0d:8b,dl_dst=62:64:ce:ca:ed:36,arp_spa=10.0.0.3,arp_tpa=10.0.0.7,arp_op=2 actions=output:2
 cookie=0x0, duration=17.690s, table=0, n_packets=2, n_bytes=84, idle_timeout=10, hard_timeout=30, reset_counts priority=65535,arp,in_port=1,vlan_tci=0x0000/0x1fff,dl_src=aa:06:64:62:0d:8b,dl_dst=62:64:ce:ca:ed:36,arp_spa=10.0.0.3,arp_tpa=10.0.0.7,arp_op=2 actions=output:2
 cookie=0x0, duration=20.744s, table=0, n_packets=3, n_bytes=126, idle_timeout=10, hard_timeout=30, reset_counts priority=65535,arp,in_port=1,vlan_tci=0x0000/0x1fff,dl_src=aa:06:64:62:0d:8b,dl_dst=62:64:ce:ca:ed:36,arp_spa=10.0.0.3,arp_tpa=10.0.0.7,arp_op=2 actions=output:2
 cookie=0x0, duration=23.778s, table=0, n_packets=3, n_bytes=126, idle_timeout=10, hard_timeout=30, reset_counts priority=65535,arp,in_port=1,vlan_tci=0x0000/0x1fff,dl_src=aa:06:64:62:0d:8b,dl_dst=62:64:ce:ca:ed:36,arp_spa=10.0.0.3,arp_tpa=10.0.0.7,arp_op=2 actions=output:2
 cookie=0x0, duration=26.831s, table=0, n_packets=3, n_bytes=126, idle_timeout=10, hard_timeout=30, reset_counts priority=65535,arp,in_port=1,vlan_tci=0x0000/0x1fff,dl_src=aa:06:64:62:0d:8b,dl_dst=62:64:ce:ca:ed:36,arp_spa=10.0.0.3,arp_tpa=10.0.0.7,arp_op=2 actions=output:2
 cookie=0x0, duration=29.879s, table=0, n_packets=3, n_bytes=126, idle_timeout=10, hard_timeout=30, reset_counts priority=65535,arp,in_port=1,vlan_tci=0x0000/0x1fff,dl_src=aa:06:64:62:0d:8b,dl_dst=62:64:ce:ca:ed:36,arp_spa=10.0.0.3,arp_tpa=10.0.0.7,arp_op=2 actions=output:2
 cookie=0x0, duration=2.089s, table=0, n_packets=1, n_bytes=42, idle_timeout=10, hard_timeout=30, reset_counts priority=65535,arp,in_port=1,vlan_tci=0x0000/0x1fff,dl_src=aa:06:64:62:0d:8b,dl_dst=62:64:ce:ca:ed:36,arp_spa=10.0.0.3,arp_tpa=10.0.0.7,arp_op=2 actions=output:2
 cookie=0x0, duration=5.143s, table=0, n_packets=1, n_bytes=42, idle_timeout=10, hard_timeout=30, reset_counts priority=65535,arp,in_port=1,vlan_tci=0x0000/0x1fff,dl_src=aa:06:64:62:0d:8b,dl_dst=62:64:ce:ca:ed:36,arp_spa=10.0.0.3,arp_tpa=10.0.0.7,arp_op=2 actions=output:2
 cookie=0x0, duration=8.207s, table=0, n_packets=1, n_bytes=42, idle_timeout=10, hard_timeout=30, reset_counts priority=65535,arp,in_port=1,vlan_tci=0x0000/0x1fff,dl_src=aa:06:64:62:0d:8b,dl_dst=62:64:ce:ca:ed:36,arp_spa=10.0.0.3,arp_tpa=10.0.0.7,arp_op=2 actions=output:2
 cookie=0x0, duration=11.268s, table=0, n_packets=2, n_bytes=84, idle_timeout=10, hard_timeout=30, reset_counts priority=65535,arp,in_port=1,vlan_tci=0x0000/0x1fff,dl_src=aa:06:64:62:0d:8b,dl_dst=62:64:ce:ca:ed:36,arp_spa=10.0.0.3,arp_tpa=10.0.0.7,arp_op=2 actions=output:2
 cookie=0x0, duration=14.313s, table=0, n_packets=2, n_bytes=84, idle_timeout=10, hard_timeout=30, reset_counts priority=65535,arp,in_port=1,vlan_tci=0x0000/0x1fff,dl_src=aa:06:64:62:0d:8b,dl_dst=62:64:ce:ca:ed:36,arp_spa=10.0.0.3,arp_tpa=10.0.0.7,arp_op=2 actions=output:2
 cookie=0x0, duration=17.352s, table=0, n_packets=2, n_bytes=84, idle_timeout=10, hard_timeout=30, reset_counts priority=65535,arp,in_port=1,vlan_tci=0x0000/0x1fff,dl_src=aa:06:64:62:0d:8b,dl_dst=62:64:ce:ca:ed:36,arp_spa=10.0.0.3,arp_tpa=10.0.0.7,arp_op=2 actions=output:2
 cookie=0x0, duration=20.419s, table=0, n_packets=3, n_bytes=126, idle_timeout=10, hard_timeout=30, reset_counts priority=65535,arp,in_port=1,vlan_tci=0x0000/0x1fff,dl_src=aa:06:64:62:0d:8b,dl_dst=62:64:ce:ca:ed:36,arp_spa=10.0.0.3,arp_tpa=10.0.0.7,arp_op=2 actions=output:2
 cookie=0x0, duration=23.459s, table=0, n_packets=3, n_bytes=126, idle_timeout=10, hard_timeout=30, reset_counts priority=65535,arp,in_port=1,vlan_tci=0x0000/0x1fff,dl_src=aa:06:64:62:0d:8b,dl_dst=62:64:ce:ca:ed:36,arp_spa=10.0.0.3,arp_tpa=10.0.0.7,arp_op=2 actions=output:2
 cookie=0x0, duration=26.507s, table=0, n_packets=3, n_bytes=126, idle_timeout=10, hard_timeout=30, reset_counts priority=65535,arp,in_port=1,vlan_tci=0x0000/0x1fff,dl_src=aa:06:64:62:0d:8b,dl_dst=62:64:ce:ca:ed:36,arp_spa=10.0.0.3,arp_tpa=10.0.0.7,arp_op=2 actions=output:2
 cookie=0x0, duration=29.564s, table=0, n_packets=3, n_bytes=126, idle_timeout=10, hard_timeout=30, reset_counts priority=65535,arp,in_port=1,vlan_tci=0x0000/0x1fff,dl_src=aa:06:64:62:0d:8b,dl_dst=62:64:ce:ca:ed:36,arp_spa=10.0.0.3,arp_tpa=10.0.0.7,arp_op=2 actions=output:2
 cookie=0x0, duration=1.760s, table=0, n_packets=1, n_bytes=42, idle_timeout=10, hard_timeout=30, reset_counts priority=65535,arp,in_port=1,vlan_tci=0x0000/0x1fff,dl_src=aa:06:64:62:0d:8b,dl_dst=62:64:ce:ca:ed:36,arp_spa=10.0.0.3,arp_tpa=10.0.0.7,arp_op=2 actions=output:2
 cookie=0x0, duration=4.812s, table=0, n_packets=1, n_bytes=42, idle_timeout=10, hard_timeout=30, reset_counts priority=65535,arp,in_port=1,vlan_tci=0x0000/0x1fff,dl_src=aa:06:64:62:0d:8b,dl_dst=62:64:ce:ca:ed:36,arp_spa=10.0.0.3,arp_tpa=10.0.0.7,arp_op=2 actions=output:2
 cookie=0x0, duration=7.876s, table=0, n_packets=1, n_bytes=42, idle_timeout=10, hard_timeout=30, reset_counts priority=65535,arp,in_port=1,vlan_tci=0x0000/0x1fff,dl_src=aa:06:64:62:0d:8b,dl_dst=62:64:ce:ca:ed:36,arp_spa=10.0.0.3,arp_tpa=10.0.0.7,arp_op=2 actions=output:2
 cookie=0x0, duration=10.913s, table=0, n_packets=2, n_bytes=84, idle_timeout=10, hard_timeout=30, reset_counts priority=65535,arp,in_port=1,vlan_tci=0x0000/0x1fff,dl_src=aa:06:64:62:0d:8b,dl_dst=62:64:ce:ca:ed:36,arp_spa=10.0.0.3,arp_tpa=10.0.0.7,arp_op=2 actions=output:2
 cookie=0x0, duration=13.971s, table=0, n_packets=2, n_bytes=84, idle_timeout=10, hard_timeout=30, reset_counts priority=65535,arp,in_port=1,vlan_tci=0x0000/0x1fff,dl_src=aa:06:64:62:0d:8b,dl_dst=62:64:ce:ca:ed:36,arp_spa=10.0.0.3,arp_tpa=10.0.0.7,arp_op=2 actions=output:2
 cookie=0x0, duration=17.028s, table=0, n_packets=2, n_bytes=84, idle_timeout=10, hard_timeout=30, reset_counts priority=65535,arp,in_port=1,vlan_tci=0x0000/0x1fff,dl_src=aa:06:64:62:0d:8b,dl_dst=62:64:ce:ca:ed:36,arp_spa=10.0.0.3,arp_tpa=10.0.0.7,arp_op=2 actions=output:2
 cookie=0x0, duration=20.091s, table=0, n_packets=3, n_bytes=126, idle_timeout=10, hard_timeout=30, reset_counts priority=65535,arp,in_port=1,vlan_tci=0x0000/0x1fff,dl_src=aa:06:64:62:0d:8b,dl_dst=62:64:ce:ca:ed:36,arp_spa=10.0.0.3,arp_tpa=10.0.0.7,arp_op=2 actions=output:2
 cookie=0x0, duration=23.150s, table=0, n_packets=3, n_bytes=126, idle_timeout=10, hard_timeout=30, reset_counts priority=65535,arp,in_port=1,vlan_tci=0x0000/0x1fff,dl_src=aa:06:64:62:0d:8b,dl_dst=62:64:ce:ca:ed:36,arp_spa=10.0.0.3,arp_tpa=10.0.0.7,arp_op=2 actions=output:2
 cookie=0x0, duration=26.220s, table=0, n_packets=3, n_bytes=126, idle_timeout=10, hard_timeout=30, reset_counts priority=65535,arp,in_port=1,vlan_tci=0x0000/0x1fff,dl_src=aa:06:64:62:0d:8b,dl_dst=62:64:ce:ca:ed:36,arp_spa=10.0.0.3,arp_tpa=10.0.0.7,arp_op=2 actions=output:2
 cookie=0x0, duration=29.301s, table=0, n_packets=3, n_bytes=126, idle_timeout=10, hard_timeout=30, reset_counts priority=65535,arp,in_port=1,vlan_tci=0x0000/0x1fff,dl_src=aa:06:64:62:0d:8b,dl_dst=62:64:ce:ca:ed:36,arp_spa=10.0.0.3,arp_tpa=10.0.0.7,arp_op=2 actions=output:2
 cookie=0x0, duration=1.503s, table=0, n_packets=1, n_bytes=42, idle_timeout=10, hard_timeout=30, reset_counts priority=65535,arp,in_port=1,vlan_tci=0x0000/0x1fff,dl_src=aa:06:64:62:0d:8b,dl_dst=62:64:ce:ca:ed:36,arp_spa=10.0.0.3,arp_tpa=10.0.0.7,arp_op=2 actions=output:2
 cookie=0x0, duration=4.558s, table=0, n_packets=1, n_bytes=42, idle_timeout=10, hard_timeout=30, reset_counts priority=65535,arp,in_port=1,vlan_tci=0x0000/0x1fff,dl_src=aa:06:64:62:0d:8b,dl_dst=62:64:ce:ca:ed:36,arp_spa=10.0.0.3,arp_tpa=10.0.0.7,arp_op=2 actions=output:2
 cookie=0x0, duration=7.616s, table=0, n_packets=1, n_bytes=42, idle_timeout=10, hard_timeout=30, reset_counts priority=65535,arp,in_port=1,vlan_tci=0x0000/0x1fff,dl_src=aa:06:64:62:0d:8b,dl_dst=62:64:ce:ca:ed:36,arp_spa=10.0.0.3,arp_tpa=10.0.0.7,arp_op=2 actions=output:2
 cookie=0x0, duration=10.675s, table=0, n_packets=2, n_bytes=84, idle_timeout=10, hard_timeout=30, reset_counts priority=65535,arp,in_port=1,vlan_tci=0x0000/0x1fff,dl_src=aa:06:64:62:0d:8b,dl_dst=62:64:ce:ca:ed:36,arp_spa=10.0.0.3,arp_tpa=10.0.0.7,arp_op=2 actions=output:2
 cookie=0x0, duration=13.734s, table=0, n_packets=2, n_bytes=84, idle_timeout=10, hard_timeout=30, reset_counts priority=65535,arp,in_port=1,vlan_tci=0x0000/0x1fff,dl_src=aa:06:64:62:0d:8b,dl_dst=62:64:ce:ca:ed:36,arp_spa=10.0.0.3,arp_tpa=10.0.0.7,arp_op=2 actions=output:2
 cookie=0x0, duration=16.817s, table=0, n_packets=2, n_bytes=84, idle_timeout=10, hard_timeout=30, reset_counts priority=65535,arp,in_port=1,vlan_tci=0x0000/0x1fff,dl_src=aa:06:64:62:0d:8b,dl_dst=62:64:ce:ca:ed:36,arp_spa=10.0.0.3,arp_tpa=10.0.0.7,arp_op=2 actions=output:2
 cookie=0x0, duration=19.877s, table=0, n_packets=2, n_bytes=84, idle_timeout=10, hard_timeout=30, reset_counts priority=65535,arp,in_port=1,vlan_tci=0x0000/0x1fff,dl_src=aa:06:64:62:0d:8b,dl_dst=62:64:ce:ca:ed:36,arp_spa=10.0.0.3,arp_tpa=10.0.0.7,arp_op=2 actions=output:2
 cookie=0x0, duration=22.935s, table=0, n_packets=3, n_bytes=126, idle_timeout=10, hard_timeout=30, reset_counts priority=65535,arp,in_port=1,vlan_tci=0x0000/0x1fff,dl_src=aa:06:64:62:0d:8b,dl_dst=62:64:ce:ca:ed:36,arp_spa=10.0.0.3,arp_tpa=10.0.0.7,arp_op=2 actions=output:2
 cookie=0x0, duration=25.987s, table=0, n_packets=3, n_bytes=126, idle_timeout=10, hard_timeout=30, reset_counts priority=65535,arp,in_port=1,vlan_tci=0x0000/0x1fff,dl_src=aa:06:64:62:0d:8b,dl_dst=62:64:ce:ca:ed:36,arp_spa=10.0.0.3,arp_tpa=10.0.0.7,arp_op=2 actions=output:2
 cookie=0x0, duration=29.050s, table=0, n_packets=3, n_bytes=126, idle_timeout=10, hard_timeout=30, reset_counts priority=65535,arp,in_port=1,vlan_tci=0x0000/0x1fff,dl_src=aa:06:64:62:0d:8b,dl_dst=62:64:ce:ca:ed:36,arp_spa=10.0.0.3,arp_tpa=10.0.0.7,arp_op=2 actions=output:2
 cookie=0x0, duration=1.265s, table=0, n_packets=1, n_bytes=42, idle_timeout=10, hard_timeout=30, reset_counts priority=65535,arp,in_port=1,vlan_tci=0x0000/0x1fff,dl_src=aa:06:64:62:0d:8b,dl_dst=62:64:ce:ca:ed:36,arp_spa=10.0.0.3,arp_tpa=10.0.0.7,arp_op=2 actions=output:2
 cookie=0x0, duration=4.325s, table=0, n_packets=1, n_bytes=42, idle_timeout=10, hard_timeout=30, reset_counts priority=65535,arp,in_port=1,vlan_tci=0x0000/0x1fff,dl_src=aa:06:64:62:0d:8b,dl_dst=62:64:ce:ca:ed:36,arp_spa=10.0.0.3,arp_tpa=10.0.0.7,arp_op=2 actions=output:2
 cookie=0x0, duration=7.388s, table=0, n_packets=1, n_bytes=42, idle_timeout=10, hard_timeout=30, reset_counts priority=65535,arp,in_port=1,vlan_tci=0x0000/0x1fff,dl_src=aa:06:64:62:0d:8b,dl_dst=62:64:ce:ca:ed:36,arp_spa=10.0.0.3,arp_tpa=10.0.0.7,arp_op=2 actions=output:2
 cookie=0x0, duration=10.457s, table=0, n_packets=2, n_bytes=84, idle_timeout=10, hard_timeout=30, reset_counts priority=65535,arp,in_port=1,vlan_tci=0x0000/0x1fff,dl_src=aa:06:64:62:0d:8b,dl_dst=62:64:ce:ca:ed:36,arp_spa=10.0.0.3,arp_tpa=10.0.0.7,arp_op=2 actions=output:2
 cookie=0x0, duration=13.500s, table=0, n_packets=2, n_bytes=84, idle_timeout=10, hard_timeout=30, reset_counts priority=65535,arp,in_port=1,vlan_tci=0x0000/0x1fff,dl_src=aa:06:64:62:0d:8b,dl_dst=62:64:ce:ca:ed:36,arp_spa=10.0.0.3,arp_tpa=10.0.0.7,arp_op=2 actions=output:2
 cookie=0x0, duration=16.554s, table=0, n_packets=2, n_bytes=84, idle_timeout=10, hard_timeout=30, reset_counts priority=65535,arp,in_port=1,vlan_tci=0x0000/0x1fff,dl_src=aa:06:64:62:0d:8b,dl_dst=62:64:ce:ca:ed:36,arp_spa=10.0.0.3,arp_tpa=10.0.0.7,arp_op=2 actions=output:2
 cookie=0x0, duration=19.620s, table=0, n_packets=2, n_bytes=84, idle_timeout=10, hard_timeout=30, reset_counts priority=65535,arp,in_port=1,vlan_tci=0x0000/0x1fff,dl_src=aa:06:64:62:0d:8b,dl_dst=62:64:ce:ca:ed:36,arp_spa=10.0.0.3,arp_tpa=10.0.0.7,arp_op=2 actions=output:2
 cookie=0x0, duration=22.695s, table=0, n_packets=3, n_bytes=126, idle_timeout=10, hard_timeout=30, reset_counts priority=65535,arp,in_port=1,vlan_tci=0x0000/0x1fff,dl_src=aa:06:64:62:0d:8b,dl_dst=62:64:ce:ca:ed:36,arp_spa=10.0.0.3,arp_tpa=10.0.0.7,arp_op=2 actions=output:2
 cookie=0x0, duration=25.769s, table=0, n_packets=3, n_bytes=126, idle_timeout=10, hard_timeout=30, reset_counts priority=65535,arp,in_port=1,vlan_tci=0x0000/0x1fff,dl_src=aa:06:64:62:0d:8b,dl_dst=62:64:ce:ca:ed:36,arp_spa=10.0.0.3,arp_tpa=10.0.0.7,arp_op=2 actions=output:2
 cookie=0x0, duration=28.834s, table=0, n_packets=3, n_bytes=126, idle_timeout=10, hard_timeout=30, reset_counts priority=65535,arp,in_port=1,vlan_tci=0x0000/0x1fff,dl_src=aa:06:64:62:0d:8b,dl_dst=62:64:ce:ca:ed:36,arp_spa=10.0.0.3,arp_tpa=10.0.0.7,arp_op=2 actions=output:2
 cookie=0x0, duration=1.081s, table=0, n_packets=1, n_bytes=42, idle_timeout=10, hard_timeout=30, reset_counts priority=65535,arp,in_port=1,vlan_tci=0x0000/0x1fff,dl_src=aa:06:64:62:0d:8b,dl_dst=62:64:ce:ca:ed:36,arp_spa=10.0.0.3,arp_tpa=10.0.0.7,arp_op=2 actions=output:2
 cookie=0x0, duration=4.142s, table=0, n_packets=1, n_bytes=42, idle_timeout=10, hard_timeout=30, reset_counts priority=65535,arp,in_port=1,vlan_tci=0x0000/0x1fff,dl_src=aa:06:64:62:0d:8b,dl_dst=62:64:ce:ca:ed:36,arp_spa=10.0.0.3,arp_tpa=10.0.0.7,arp_op=2 actions=output:2
 cookie=0x0, duration=7.218s, table=0, n_packets=1, n_bytes=42, idle_timeout=10, hard_timeout=30, reset_counts priority=65535,arp,in_port=1,vlan_tci=0x0000/0x1fff,dl_src=aa:06:64:62:0d:8b,dl_dst=62:64:ce:ca:ed:36,arp_spa=10.0.0.3,arp_tpa=10.0.0.7,arp_op=2 actions=output:2
 cookie=0x0, duration=10.290s, table=0, n_packets=2, n_bytes=84, idle_timeout=10, hard_timeout=30, reset_counts priority=65535,arp,in_port=1,vlan_tci=0x0000/0x1fff,dl_src=aa:06:64:62:0d:8b,dl_dst=62:64:ce:ca:ed:36,arp_spa=10.0.0.3,arp_tpa=10.0.0.7,arp_op=2 actions=output:2
 cookie=0x0, duration=13.370s, table=0, n_packets=2, n_bytes=84, idle_timeout=10, hard_timeout=30, reset_counts priority=65535,arp,in_port=1,vlan_tci=0x0000/0x1fff,dl_src=aa:06:64:62:0d:8b,dl_dst=62:64:ce:ca:ed:36,arp_spa=10.0.0.3,arp_tpa=10.0.0.7,arp_op=2 actions=output:2
 cookie=0x0, duration=16.428s, table=0, n_packets=2, n_bytes=84, idle_timeout=10, hard_timeout=30, reset_counts priority=65535,arp,in_port=1,vlan_tci=0x0000/0x1fff,dl_src=aa:06:64:62:0d:8b,dl_dst=62:64:ce:ca:ed:36,arp_spa=10.0.0.3,arp_tpa=10.0.0.7,arp_op=2 actions=output:2
 cookie=0x0, duration=19.495s, table=0, n_packets=2, n_bytes=84, idle_timeout=10, hard_timeout=30, reset_counts priority=65535,arp,in_port=1,vlan_tci=0x0000/0x1fff,dl_src=aa:06:64:62:0d:8b,dl_dst=62:64:ce:ca:ed:36,arp_spa=10.0.0.3,arp_tpa=10.0.0.7,arp_op=2 actions=output:2
 cookie=0x0, duration=22.540s, table=0, n_packets=3, n_bytes=126, idle_timeout=10, hard_timeout=30, reset_counts priority=65535,arp,in_port=1,vlan_tci=0x0000/0x1fff,dl_src=aa:06:64:62:0d:8b,dl_dst=62:64:ce:ca:ed:36,arp_spa=10.0.0.3,arp_tpa=10.0.0.7,arp_op=2 actions=output:2
 cookie=0x0, duration=25.589s, table=0, n_packets=3, n_bytes=126, idle_timeout=10, hard_timeout=30, reset_counts priority=65535,arp,in_port=1,vlan_tci=0x0000/0x1fff,dl_src=aa:06:64:62:0d:8b,dl_dst=62:64:ce:ca:ed:36,arp_spa=10.0.0.3,arp_tpa=10.0.0.7,arp_op=2 actions=output:2
 cookie=0x0, duration=28.642s, table=0, n_packets=3, n_bytes=126, idle_timeout=10, hard_timeout=30, reset_counts priority=65535,arp,in_port=1,vlan_tci=0x0000/0x1fff,dl_src=aa:06:64:62:0d:8b,dl_dst=62:64:ce:ca:ed:36,arp_spa=10.0.0.3,arp_tpa=10.0.0.7,arp_op=2 actions=output:2
 cookie=0x0, duration=0.774s, table=0, n_packets=1, n_bytes=42, idle_timeout=10, hard_timeout=30, reset_counts priority=65535,arp,in_port=1,vlan_tci=0x0000/0x1fff,dl_src=aa:06:64:62:0d:8b,dl_dst=62:64:ce:ca:ed:36,arp_spa=10.0.0.3,arp_tpa=10.0.0.7,arp_op=2 actions=output:2
 cookie=0x0, duration=3.813s, table=0, n_packets=1, n_bytes=42, idle_timeout=10, hard_timeout=30, reset_counts priority=65535,arp,in_port=1,vlan_tci=0x0000/0x1fff,dl_src=aa:06:64:62:0d:8b,dl_dst=62:64:ce:ca:ed:36,arp_spa=10.0.0.3,arp_tpa=10.0.0.7,arp_op=2 actions=output:2
 cookie=0x0, duration=6.851s, table=0, n_packets=1, n_bytes=42, idle_timeout=10, hard_timeout=30, reset_counts priority=65535,arp,in_port=1,vlan_tci=0x0000/0x1fff,dl_src=aa:06:64:62:0d:8b,dl_dst=62:64:ce:ca:ed:36,arp_spa=10.0.0.3,arp_tpa=10.0.0.7,arp_op=2 actions=output:2
 cookie=0x0, duration=9.898s, table=0, n_packets=1, n_bytes=42, idle_timeout=10, hard_timeout=30, reset_counts priority=65535,arp,in_port=1,vlan_tci=0x0000/0x1fff,dl_src=aa:06:64:62:0d:8b,dl_dst=62:64:ce:ca:ed:36,arp_spa=10.0.0.3,arp_tpa=10.0.0.7,arp_op=2 actions=output:2
 cookie=0x0, duration=12.965s, table=0, n_packets=2, n_bytes=84, idle_timeout=10, hard_timeout=30, reset_counts priority=65535,arp,in_port=1,vlan_tci=0x0000/0x1fff,dl_src=aa:06:64:62:0d:8b,dl_dst=62:64:ce:ca:ed:36,arp_spa=10.0.0.3,arp_tpa=10.0.0.7,arp_op=2 actions=output:2
 cookie=0x0, duration=16.027s, table=0, n_packets=2, n_bytes=84, idle_timeout=10, hard_timeout=30, reset_counts priority=65535,arp,in_port=1,vlan_tci=0x0000/0x1fff,dl_src=aa:06:64:62:0d:8b,dl_dst=62:64:ce:ca:ed:36,arp_spa=10.0.0.3,arp_tpa=10.0.0.7,arp_op=2 actions=output:2
 cookie=0x0, duration=19.084s, table=0, n_packets=2, n_bytes=84, idle_timeout=10, hard_timeout=30, reset_counts priority=65535,arp,in_port=1,vlan_tci=0x0000/0x1fff,dl_src=aa:06:64:62:0d:8b,dl_dst=62:64:ce:ca:ed:36,arp_spa=10.0.0.3,arp_tpa=10.0.0.7,arp_op=2 actions=output:2
 cookie=0x0, duration=22.134s, table=0, n_packets=3, n_bytes=126, idle_timeout=10, hard_timeout=30, reset_counts priority=65535,arp,in_port=1,vlan_tci=0x0000/0x1fff,dl_src=aa:06:64:62:0d:8b,dl_dst=62:64:ce:ca:ed:36,arp_spa=10.0.0.3,arp_tpa=10.0.0.7,arp_op=2 actions=output:2
 cookie=0x0, duration=25.195s, table=0, n_packets=3, n_bytes=126, idle_timeout=10, hard_timeout=30, reset_counts priority=65535,arp,in_port=1,vlan_tci=0x0000/0x1fff,dl_src=aa:06:64:62:0d:8b,dl_dst=62:64:ce:ca:ed:36,arp_spa=10.0.0.3,arp_tpa=10.0.0.7,arp_op=2 actions=output:2
 cookie=0x0, duration=28.268s, table=0, n_packets=3, n_bytes=126, idle_timeout=10, hard_timeout=30, reset_counts priority=65535,arp,in_port=1,vlan_tci=0x0000/0x1fff,dl_src=aa:06:64:62:0d:8b,dl_dst=62:64:ce:ca:ed:36,arp_spa=10.0.0.3,arp_tpa=10.0.0.7,arp_op=2 actions=output:2
 cookie=0x0, duration=0.460s, table=0, n_packets=1, n_bytes=42, idle_timeout=10, hard_timeout=30, reset_counts priority=65535,arp,in_port=1,vlan_tci=0x0000/0x1fff,dl_src=aa:06:64:62:0d:8b,dl_dst=62:64:ce:ca:ed:36,arp_spa=10.0.0.3,arp_tpa=10.0.0.7,arp_op=2 actions=output:2
 cookie=0x0, duration=3.501s, table=0, n_packets=1, n_bytes=42, idle_timeout=10, hard_timeout=30, reset_counts priority=65535,arp,in_port=1,vlan_tci=0x0000/0x1fff,dl_src=aa:06:64:62:0d:8b,dl_dst=62:64:ce:ca:ed:36,arp_spa=10.0.0.3,arp_tpa=10.0.0.7,arp_op=2 actions=output:2
 cookie=0x0, duration=6.560s, table=0, n_packets=1, n_bytes=42, idle_timeout=10, hard_timeout=30, reset_counts priority=65535,arp,in_port=1,vlan_tci=0x0000/0x1fff,dl_src=aa:06:64:62:0d:8b,dl_dst=62:64:ce:ca:ed:36,arp_spa=10.0.0.3,arp_tpa=10.0.0.7,arp_op=2 actions=output:2
 cookie=0x0, duration=9.621s, table=0, n_packets=1, n_bytes=42, idle_timeout=10, hard_timeout=30, reset_counts priority=65535,arp,in_port=1,vlan_tci=0x0000/0x1fff,dl_src=aa:06:64:62:0d:8b,dl_dst=62:64:ce:ca:ed:36,arp_spa=10.0.0.3,arp_tpa=10.0.0.7,arp_op=2 actions=output:2
 cookie=0x0, duration=12.696s, table=0, n_packets=2, n_bytes=84, idle_timeout=10, hard_timeout=30, reset_counts priority=65535,arp,in_port=1,vlan_tci=0x0000/0x1fff,dl_src=aa:06:64:62:0d:8b,dl_dst=62:64:ce:ca:ed:36,arp_spa=10.0.0.3,arp_tpa=10.0.0.7,arp_op=2 actions=output:2
 cookie=0x0, duration=15.765s, table=0, n_packets=2, n_bytes=84, idle_timeout=10, hard_timeout=30, reset_counts priority=65535,arp,in_port=1,vlan_tci=0x0000/0x1fff,dl_src=aa:06:64:62:0d:8b,dl_dst=62:64:ce:ca:ed:36,arp_spa=10.0.0.3,arp_tpa=10.0.0.7,arp_op=2 actions=output:2
 cookie=0x0, duration=18.804s, table=0, n_packets=2, n_bytes=84, idle_timeout=10, hard_timeout=30, reset_counts priority=65535,arp,in_port=1,vlan_tci=0x0000/0x1fff,dl_src=aa:06:64:62:0d:8b,dl_dst=62:64:ce:ca:ed:36,arp_spa=10.0.0.3,arp_tpa=10.0.0.7,arp_op=2 actions=output:2
 cookie=0x0, duration=21.850s, table=0, n_packets=3, n_bytes=126, idle_timeout=10, hard_timeout=30, reset_counts priority=65535,arp,in_port=1,vlan_tci=0x0000/0x1fff,dl_src=aa:06:64:62:0d:8b,dl_dst=62:64:ce:ca:ed:36,arp_spa=10.0.0.3,arp_tpa=10.0.0.7,arp_op=2 actions=output:2
 cookie=0x0, duration=24.915s, table=0, n_packets=3, n_bytes=126, idle_timeout=10, hard_timeout=30, reset_counts priority=65535,arp,in_port=1,vlan_tci=0x0000/0x1fff,dl_src=aa:06:64:62:0d:8b,dl_dst=62:64:ce:ca:ed:36,arp_spa=10.0.0.3,arp_tpa=10.0.0.7,arp_op=2 actions=output:2
 cookie=0x0, duration=28.004s, table=0, n_packets=3, n_bytes=126, idle_timeout=10, hard_timeout=30, reset_counts priority=65535,arp,in_port=1,vlan_tci=0x0000/0x1fff,dl_src=aa:06:64:62:0d:8b,dl_dst=62:64:ce:ca:ed:36,arp_spa=10.0.0.3,arp_tpa=10.0.0.7,arp_op=2 actions=output:2
 cookie=0x0, duration=1.460s, table=0, n_packets=3, n_bytes=126, idle_timeout=10, hard_timeout=30, reset_counts priority=65535,arp,in_port=1,vlan_tci=0x0000/0x1fff,dl_src=aa:06:64:62:0d:8b,dl_dst=62:64:ce:ca:ed:36,arp_spa=10.0.0.3,arp_tpa=10.0.0.7,arp_op=2 actions=output:2
 cookie=0x0, duration=4.527s, table=0, n_packets=4, n_bytes=168, idle_timeout=10, hard_timeout=30, reset_counts priority=65535,arp,in_port=1,vlan_tci=0x0000/0x1fff,dl_src=aa:06:64:62:0d:8b,dl_dst=62:64:ce:ca:ed:36,arp_spa=10.0.0.3,arp_tpa=10.0.0.7,arp_op=2 actions=output:2
 cookie=0x0, duration=7.595s, table=0, n_packets=4, n_bytes=168, idle_timeout=10, hard_timeout=30, reset_counts priority=65535,arp,in_port=1,vlan_tci=0x0000/0x1fff,dl_src=aa:06:64:62:0d:8b,dl_dst=62:64:ce:ca:ed:36,arp_spa=10.0.0.3,arp_tpa=10.0.0.7,arp_op=2 actions=output:2
 cookie=0x0, duration=10.689s, table=0, n_packets=4, n_bytes=168, idle_timeout=10, hard_timeout=30, reset_counts priority=65535,arp,in_port=1,vlan_tci=0x0000/0x1fff,dl_src=aa:06:64:62:0d:8b,dl_dst=62:64:ce:ca:ed:36,arp_spa=10.0.0.3,arp_tpa=10.0.0.7,arp_op=2 actions=output:2
 cookie=0x0, duration=2.925s, table=0, n_packets=2, n_bytes=84, idle_timeout=10, hard_timeout=30, reset_counts priority=65535,arp,in_port=2,vlan_tci=0x0000/0x1fff,dl_src=aa:19:be:7f:22:9d,dl_dst=76:e0:14:fe:8f:b7,arp_spa=10.0.0.7,arp_tpa=10.0.0.1,arp_op=2 actions=output:1
 cookie=0x0, duration=1.900s, table=0, n_packets=3, n_bytes=126, idle_timeout=10, hard_timeout=30, reset_counts priority=65535,arp,in_port=1,vlan_tci=0x0000/0x1fff,dl_src=76:e0:14:fe:8f:b7,dl_dst=aa:19:be:7f:22:9d,arp_spa=10.0.0.3,arp_tpa=10.0.0.7,arp_op=2 actions=output:2
 cookie=0x0, duration=1.883s, table=0, n_packets=1, n_bytes=42, idle_timeout=10, hard_timeout=30, reset_counts priority=65535,arp,in_port=2,vlan_tci=0x0000/0x1fff,dl_src=aa:19:be:7f:22:9d,dl_dst=7a:ca:79:99:7a:79,arp_spa=10.0.0.7,arp_tpa=10.0.0.3,arp_op=2 actions=output:1
 cookie=0x0, duration=1.881s, table=0, n_packets=1, n_bytes=42, idle_timeout=10, hard_timeout=30, reset_counts priority=65535,arp,in_port=1,vlan_tci=0x0000/0x1fff,dl_src=7a:ca:79:99:7a:79,dl_dst=aa:19:be:7f:22:9d,arp_spa=10.0.0.3,arp_tpa=10.0.0.7,arp_op=2 actions=output:2
 cookie=0x0, duration=5.972s, table=0, n_packets=2, n_bytes=84, idle_timeout=10, hard_timeout=30, reset_counts priority=65535,arp,in_port=2,vlan_tci=0x0000/0x1fff,dl_src=aa:19:be:7f:22:9d,dl_dst=76:e0:14:fe:8f:b7,arp_spa=10.0.0.7,arp_tpa=10.0.0.1,arp_op=2 actions=output:1
 cookie=0x0, duration=4.947s, table=0, n_packets=6, n_bytes=252, idle_timeout=10, hard_timeout=30, reset_counts priority=65535,arp,in_port=1,vlan_tci=0x0000/0x1fff,dl_src=76:e0:14:fe:8f:b7,dl_dst=aa:19:be:7f:22:9d,arp_spa=10.0.0.3,arp_tpa=10.0.0.7,arp_op=2 actions=output:2
 cookie=0x0, duration=4.930s, table=0, n_packets=1, n_bytes=42, idle_timeout=10, hard_timeout=30, reset_counts priority=65535,arp,in_port=2,vlan_tci=0x0000/0x1fff,dl_src=aa:19:be:7f:22:9d,dl_dst=7a:ca:79:99:7a:79,arp_spa=10.0.0.7,arp_tpa=10.0.0.3,arp_op=2 actions=output:1
 cookie=0x0, duration=4.928s, table=0, n_packets=1, n_bytes=42, idle_timeout=10, hard_timeout=30, reset_counts priority=65535,arp,in_port=1,vlan_tci=0x0000/0x1fff,dl_src=7a:ca:79:99:7a:79,dl_dst=aa:19:be:7f:22:9d,arp_spa=10.0.0.3,arp_tpa=10.0.0.7,arp_op=2 actions=output:2
 cookie=0x0, duration=9.022s, table=0, n_packets=2, n_bytes=84, idle_timeout=10, hard_timeout=30, reset_counts priority=65535,arp,in_port=2,vlan_tci=0x0000/0x1fff,dl_src=aa:19:be:7f:22:9d,dl_dst=76:e0:14:fe:8f:b7,arp_spa=10.0.0.7,arp_tpa=10.0.0.1,arp_op=2 actions=output:1
 cookie=0x0, duration=7.997s, table=0, n_packets=6, n_bytes=252, idle_timeout=10, hard_timeout=30, reset_counts priority=65535,arp,in_port=1,vlan_tci=0x0000/0x1fff,dl_src=76:e0:14:fe:8f:b7,dl_dst=aa:19:be:7f:22:9d,arp_spa=10.0.0.3,arp_tpa=10.0.0.7,arp_op=2 actions=output:2
 cookie=0x0, duration=7.980s, table=0, n_packets=1, n_bytes=42, idle_timeout=10, hard_timeout=30, reset_counts priority=65535,arp,in_port=2,vlan_tci=0x0000/0x1fff,dl_src=aa:19:be:7f:22:9d,dl_dst=7a:ca:79:99:7a:79,arp_spa=10.0.0.7,arp_tpa=10.0.0.3,arp_op=2 actions=output:1
 cookie=0x0, duration=7.978s, table=0, n_packets=1, n_bytes=42, idle_timeout=10, hard_timeout=30, reset_counts priority=65535,arp,in_port=1,vlan_tci=0x0000/0x1fff,dl_src=7a:ca:79:99:7a:79,dl_dst=aa:19:be:7f:22:9d,arp_spa=10.0.0.3,arp_tpa=10.0.0.7,arp_op=2 actions=output:2
 cookie=0x0, duration=11.057s, table=0, n_packets=6, n_bytes=252, idle_timeout=10, hard_timeout=30, reset_counts priority=65535,arp,in_port=1,vlan_tci=0x0000/0x1fff,dl_src=76:e0:14:fe:8f:b7,dl_dst=aa:19:be:7f:22:9d,arp_spa=10.0.0.3,arp_tpa=10.0.0.7,arp_op=2 actions=output:2
 cookie=0x0, duration=14.120s, table=0, n_packets=7, n_bytes=294, idle_timeout=10, hard_timeout=30, reset_counts priority=65535,arp,in_port=1,vlan_tci=0x0000/0x1fff,dl_src=76:e0:14:fe:8f:b7,dl_dst=aa:19:be:7f:22:9d,arp_spa=10.0.0.3,arp_tpa=10.0.0.7,arp_op=2 actions=output:2
 cookie=0x0, duration=17.190s, table=0, n_packets=7, n_bytes=294, idle_timeout=10, hard_timeout=30, reset_counts priority=65535,arp,in_port=1,vlan_tci=0x0000/0x1fff,dl_src=76:e0:14:fe:8f:b7,dl_dst=aa:19:be:7f:22:9d,arp_spa=10.0.0.3,arp_tpa=10.0.0.7,arp_op=2 actions=output:2
 cookie=0x0, duration=20.232s, table=0, n_packets=7, n_bytes=294, idle_timeout=10, hard_timeout=30, reset_counts priority=65535,arp,in_port=1,vlan_tci=0x0000/0x1fff,dl_src=76:e0:14:fe:8f:b7,dl_dst=aa:19:be:7f:22:9d,arp_spa=10.0.0.3,arp_tpa=10.0.0.7,arp_op=2 actions=output:2
 cookie=0x0, duration=23.294s, table=0, n_packets=7, n_bytes=294, idle_timeout=10, hard_timeout=30, reset_counts priority=65535,arp,in_port=1,vlan_tci=0x0000/0x1fff,dl_src=76:e0:14:fe:8f:b7,dl_dst=aa:19:be:7f:22:9d,arp_spa=10.0.0.3,arp_tpa=10.0.0.7,arp_op=2 actions=output:2
 cookie=0x0, duration=26.378s, table=0, n_packets=8, n_bytes=336, idle_timeout=10, hard_timeout=30, reset_counts priority=65535,arp,in_port=1,vlan_tci=0x0000/0x1fff,dl_src=76:e0:14:fe:8f:b7,dl_dst=aa:19:be:7f:22:9d,arp_spa=10.0.0.3,arp_tpa=10.0.0.7,arp_op=2 actions=output:2
 cookie=0x0, duration=29.421s, table=0, n_packets=8, n_bytes=336, idle_timeout=10, hard_timeout=30, reset_counts priority=65535,arp,in_port=1,vlan_tci=0x0000/0x1fff,dl_src=76:e0:14:fe:8f:b7,dl_dst=aa:19:be:7f:22:9d,arp_spa=10.0.0.3,arp_tpa=10.0.0.7,arp_op=2 actions=output:2
 cookie=0x0, duration=1.454s, table=0, n_packets=1, n_bytes=42, idle_timeout=10, hard_timeout=30, reset_counts priority=65535,arp,in_port=1,vlan_tci=0x0000/0x1fff,dl_src=76:e0:14:fe:8f:b7,dl_dst=aa:19:be:7f:22:9d,arp_spa=10.0.0.3,arp_tpa=10.0.0.7,arp_op=2 actions=output:2
 cookie=0x0, duration=4.523s, table=0, n_packets=1, n_bytes=42, idle_timeout=10, hard_timeout=30, reset_counts priority=65535,arp,in_port=1,vlan_tci=0x0000/0x1fff,dl_src=76:e0:14:fe:8f:b7,dl_dst=aa:19:be:7f:22:9d,arp_spa=10.0.0.3,arp_tpa=10.0.0.7,arp_op=2 actions=output:2
 cookie=0x0, duration=7.623s, table=0, n_packets=1, n_bytes=42, idle_timeout=10, hard_timeout=30, reset_counts priority=65535,arp,in_port=1,vlan_tci=0x0000/0x1fff,dl_src=76:e0:14:fe:8f:b7,dl_dst=aa:19:be:7f:22:9d,arp_spa=10.0.0.3,arp_tpa=10.0.0.7,arp_op=2 actions=output:2
 cookie=0x0, duration=10.697s, table=0, n_packets=2, n_bytes=84, idle_timeout=10, hard_timeout=30, reset_counts priority=65535,arp,in_port=1,vlan_tci=0x0000/0x1fff,dl_src=76:e0:14:fe:8f:b7,dl_dst=aa:19:be:7f:22:9d,arp_spa=10.0.0.3,arp_tpa=10.0.0.7,arp_op=2 actions=output:2
 cookie=0x0, duration=13.769s, table=0, n_packets=2, n_bytes=84, idle_timeout=10, hard_timeout=30, reset_counts priority=65535,arp,in_port=1,vlan_tci=0x0000/0x1fff,dl_src=76:e0:14:fe:8f:b7,dl_dst=aa:19:be:7f:22:9d,arp_spa=10.0.0.3,arp_tpa=10.0.0.7,arp_op=2 actions=output:2
 cookie=0x0, duration=16.867s, table=0, n_packets=2, n_bytes=84, idle_timeout=10, hard_timeout=30, reset_counts priority=65535,arp,in_port=1,vlan_tci=0x0000/0x1fff,dl_src=76:e0:14:fe:8f:b7,dl_dst=aa:19:be:7f:22:9d,arp_spa=10.0.0.3,arp_tpa=10.0.0.7,arp_op=2 actions=output:2
 cookie=0x0, duration=19.931s, table=0, n_packets=2, n_bytes=84, idle_timeout=10, hard_timeout=30, reset_counts priority=65535,arp,in_port=1,vlan_tci=0x0000/0x1fff,dl_src=76:e0:14:fe:8f:b7,dl_dst=aa:19:be:7f:22:9d,arp_spa=10.0.0.3,arp_tpa=10.0.0.7,arp_op=2 actions=output:2
 cookie=0x0, duration=22.998s, table=0, n_packets=3, n_bytes=126, idle_timeout=10, hard_timeout=30, reset_counts priority=65535,arp,in_port=1,vlan_tci=0x0000/0x1fff,dl_src=76:e0:14:fe:8f:b7,dl_dst=aa:19:be:7f:22:9d,arp_spa=10.0.0.3,arp_tpa=10.0.0.7,arp_op=2 actions=output:2
 cookie=0x0, duration=26.080s, table=0, n_packets=3, n_bytes=126, idle_timeout=10, hard_timeout=30, reset_counts priority=65535,arp,in_port=1,vlan_tci=0x0000/0x1fff,dl_src=76:e0:14:fe:8f:b7,dl_dst=aa:19:be:7f:22:9d,arp_spa=10.0.0.3,arp_tpa=10.0.0.7,arp_op=2 actions=output:2
 cookie=0x0, duration=29.126s, table=0, n_packets=3, n_bytes=126, idle_timeout=10, hard_timeout=30, reset_counts priority=65535,arp,in_port=1,vlan_tci=0x0000/0x1fff,dl_src=76:e0:14:fe:8f:b7,dl_dst=aa:19:be:7f:22:9d,arp_spa=10.0.0.3,arp_tpa=10.0.0.7,arp_op=2 actions=output:2
 cookie=0x0, duration=1.256s, table=0, n_packets=1, n_bytes=42, idle_timeout=10, hard_timeout=30, reset_counts priority=65535,arp,in_port=1,vlan_tci=0x0000/0x1fff,dl_src=76:e0:14:fe:8f:b7,dl_dst=aa:19:be:7f:22:9d,arp_spa=10.0.0.3,arp_tpa=10.0.0.7,arp_op=2 actions=output:2
 cookie=0x0, duration=4.321s, table=0, n_packets=1, n_bytes=42, idle_timeout=10, hard_timeout=30, reset_counts priority=65535,arp,in_port=1,vlan_tci=0x0000/0x1fff,dl_src=76:e0:14:fe:8f:b7,dl_dst=aa:19:be:7f:22:9d,arp_spa=10.0.0.3,arp_tpa=10.0.0.7,arp_op=2 actions=output:2
 cookie=0x0, duration=7.392s, table=0, n_packets=1, n_bytes=42, idle_timeout=10, hard_timeout=30, reset_counts priority=65535,arp,in_port=1,vlan_tci=0x0000/0x1fff,dl_src=76:e0:14:fe:8f:b7,dl_dst=aa:19:be:7f:22:9d,arp_spa=10.0.0.3,arp_tpa=10.0.0.7,arp_op=2 actions=output:2
 cookie=0x0, duration=10.469s, table=0, n_packets=2, n_bytes=84, idle_timeout=10, hard_timeout=30, reset_counts priority=65535,arp,in_port=1,vlan_tci=0x0000/0x1fff,dl_src=76:e0:14:fe:8f:b7,dl_dst=aa:19:be:7f:22:9d,arp_spa=10.0.0.3,arp_tpa=10.0.0.7,arp_op=2 actions=output:2
 cookie=0x0, duration=13.531s, table=0, n_packets=2, n_bytes=84, idle_timeout=10, hard_timeout=30, reset_counts priority=65535,arp,in_port=1,vlan_tci=0x0000/0x1fff,dl_src=76:e0:14:fe:8f:b7,dl_dst=aa:19:be:7f:22:9d,arp_spa=10.0.0.3,arp_tpa=10.0.0.7,arp_op=2 actions=output:2
 cookie=0x0, duration=16.599s, table=0, n_packets=2, n_bytes=84, idle_timeout=10, hard_timeout=30, reset_counts priority=65535,arp,in_port=1,vlan_tci=0x0000/0x1fff,dl_src=76:e0:14:fe:8f:b7,dl_dst=aa:19:be:7f:22:9d,arp_spa=10.0.0.3,arp_tpa=10.0.0.7,arp_op=2 actions=output:2
 cookie=0x0, duration=19.643s, table=0, n_packets=2, n_bytes=84, idle_timeout=10, hard_timeout=30, reset_counts priority=65535,arp,in_port=1,vlan_tci=0x0000/0x1fff,dl_src=76:e0:14:fe:8f:b7,dl_dst=aa:19:be:7f:22:9d,arp_spa=10.0.0.3,arp_tpa=10.0.0.7,arp_op=2 actions=output:2
 cookie=0x0, duration=22.699s, table=0, n_packets=3, n_bytes=126, idle_timeout=10, hard_timeout=30, reset_counts priority=65535,arp,in_port=1,vlan_tci=0x0000/0x1fff,dl_src=76:e0:14:fe:8f:b7,dl_dst=aa:19:be:7f:22:9d,arp_spa=10.0.0.3,arp_tpa=10.0.0.7,arp_op=2 actions=output:2
 cookie=0x0, duration=25.783s, table=0, n_packets=3, n_bytes=126, idle_timeout=10, hard_timeout=30, reset_counts priority=65535,arp,in_port=1,vlan_tci=0x0000/0x1fff,dl_src=76:e0:14:fe:8f:b7,dl_dst=aa:19:be:7f:22:9d,arp_spa=10.0.0.3,arp_tpa=10.0.0.7,arp_op=2 actions=output:2
 cookie=0x0, duration=28.846s, table=0, n_packets=3, n_bytes=126, idle_timeout=10, hard_timeout=30, reset_counts priority=65535,arp,in_port=1,vlan_tci=0x0000/0x1fff,dl_src=76:e0:14:fe:8f:b7,dl_dst=aa:19:be:7f:22:9d,arp_spa=10.0.0.3,arp_tpa=10.0.0.7,arp_op=2 actions=output:2
 cookie=0x0, duration=8.314s, table=0, n_packets=1, n_bytes=42, idle_timeout=10, hard_timeout=30, reset_counts priority=65535,arp,in_port=1,vlan_tci=0x0000/0x1fff,dl_src=76:e0:14:fe:8f:b7,dl_dst=aa:19:be:7f:22:9d,arp_spa=10.0.0.3,arp_tpa=10.0.0.7,arp_op=2 actions=output:2
 cookie=0x0, duration=11.367s, table=0, n_packets=2, n_bytes=84, idle_timeout=10, hard_timeout=30, reset_counts priority=65535,arp,in_port=1,vlan_tci=0x0000/0x1fff,dl_src=76:e0:14:fe:8f:b7,dl_dst=aa:19:be:7f:22:9d,arp_spa=10.0.0.3,arp_tpa=10.0.0.7,arp_op=2 actions=output:2
 cookie=0x0, duration=14.417s, table=0, n_packets=2, n_bytes=84, idle_timeout=10, hard_timeout=30, reset_counts priority=65535,arp,in_port=1,vlan_tci=0x0000/0x1fff,dl_src=76:e0:14:fe:8f:b7,dl_dst=aa:19:be:7f:22:9d,arp_spa=10.0.0.3,arp_tpa=10.0.0.7,arp_op=2 actions=output:2
