0.2,1
0.0,0
0.2,1
0.2,1
0.2,1
0.2,1
0.2,1
0.2,1
0.0,0
0.0,0
0.0,0
0.0,0
0.0,0
0.0,0
0.0,0
0.0,0
0.0,0.2,0,1687493170.3825042
0.0,0.2,0,1687493175.8527422
0.0,0.2,0,1687493181.46425
0.0,0.2,0,1687493187.089919
0.0,0.2,0,1687493192.5919719
0.0,0.2,0,1687493198.1065104
0.0,0.2,0,1687493203.5552263
0.0,0.2,0,1687493208.9898527
0.0,0.2,0,1687493214.4644191
0.0,0.2,0,1687493219.8945713
0.0,0.2,0,1687493225.3302226
0.0,0.2,0,1687493230.8191
0.6,8.2,3,1687493236.3809
6.4,42.6,32,1687493242.0625916
9.6,66.2,40,1687493247.6443493
7.6,79.2,26,1687493253.2060583
5.4,86.2,13,1687493258.8153136
9.4,91.2,9,1687493264.4179275
9.0,93.2,5,1687493269.9463112
5.2,93.2,0,1687493275.4669034
5.6,97.2,4,1687493281.039884
6.8,98.2,4,1687493286.5872242
9.4,101.2,3,1687493292.1611805
9.6,101.2,2,1687493297.7971566
9.4,102.2,1,1687493303.3897865
8.4,102.2,0,1687493309.2683036
9.2,102.2,0,1687493314.8093417
10.4,104.2,2,1687493320.410548
8.0,105.2,2,1687493326.0177565
0.0,105.2,0,1687493331.6920705
0.0,[],0,27:01
0.0,[],0,27:07
0.0,[],0,27:12
0.0,[],0,27:18
0.0,[],0,27:23
0.0,[],0,27:29
0.0,[],0,27:34
0.0,[],0,27:40
0.0,[],0,27:45
0.0,[],0,27:51
0.0,[],0,27:56
0.0,[],0,28:02
0.0,[],0,28:07
0.0,[],0,28:13
0.0,[],0,28:18
0.0,[],0,28:24
0.0,[],0,28:29
0.0,[],0,28:35
0.0,[],0,28:41
0.0,[],0,28:46
0.0,[],0,28:52
0.0,[],0,28:58
0.0,[],0,29:03
0.0,[],0,29:09
0.0,[],0,29:14
0.0,[],0,29:20
0.0,[],0,29:25
0.0,[],0,29:31
0.0,[],0,29:36
0.0,[],0,29:42
0.0,[],0,29:47
0.0,[],0,29:53
0.0,[],0,29:58
0.0,[],0,30:04
0.0,[],0,30:09
0.0,[],0,30:15
0.0,[],0,30:20
0.0,[],0,30:26
0.0,[],0,30:31
0.0,[],0,30:37
0.0,[],0,30:43
0.0,[],0,30:48
0.0,[],0,30:54
0.0,[],0,30:59
0.0,[],0,31:05
0.0,[],0,31:10
0.0,[],0,31:16
0.0,[],0,31:21
0.0,[],0,31:27
0.0,[],0,31:32
0.0,[],0,31:38
0.0,[],0,31:43
0.0,[],0,31:49
0.0,[],0,31:54
0.0,[],0,32:00
1.8,['0.2'],9,32:33
6.8,['0.2'],34,32:39
9.2,['0.2'],38,32:44
7.2,['0.2'],24,32:50
5.8,['0.2'],13,32:56
8.8,['0.2'],10,33:01
8.0,['0.2'],6,33:07
6.4,['0.2'],2,33:13
7.0,['0.2'],1,33:18
9.8,['0.2'],1,33:24
8.4,['0.2'],2,33:30
6.0,['0.2'],2,33:35
7.0,['0.2'],1,33:41
10.4,['0.2'],4,33:47
10.2,['0.2'],5,33:53
9.0,['0.2'],1,33:58
8.2,['0.2'],1,34:04
8.2,['0.2'],1,34:10
8.0,['0.2'],0,34:16
9.8,['0.2'],1,34:21
9.0,['0.2'],1,34:27
10.0,['0.2'],4,34:33
12.2,['0.2'],9,34:39
10.6,['0.2'],7,34:44
6.8,['0.2'],2,34:50
5.4,['0.2'],1,34:56
6.8,['0.2'],2,35:02
6.2,['0.2'],1,35:07
7.4,['0.2'],1,35:13
9.4,['0.2'],1,35:19
10.6,['0.2'],1,35:25
8.6,['0.2'],1,35:30
7.4,['0.2'],1,35:36
9.4,['0.2'],1,35:42
7.0,['0.2'],1,35:48
9.2,['0.2'],0,35:53
9.4,['0.2'],1,35:59
6.8,['0.2'],0,36:05
7.4,['0.2'],1,36:11
0.0,['0.2'],0,36:17
0.0,['0.2'],0,36:22
0.0,['0.2'],0,36:28
0.0,['0.2'],0,36:34
0.0,['0.2'],0,36:39
0.0,['0.2'],0,36:45
0.0,['0.2'],0,36:51
0.0,['0.2'],0,36:57
0.0,['0.2'],0,37:02
0.0,['0.2'],0,37:08
0.0,['0.2'],0,37:14
0.0,['0.2'],0,37:19
0.0,['0.2'],0,37:25
0.0,['0.2'],0,37:31
0.0,['0.2'],0,37:37
0.0,['0.2'],0,37:42
0.0,['0.2'],0,37:48
0.0,['0.2'],0,37:54
0.0,['0.2'],0,37:59
0.0,['0.2'],0,38:05
0.0,['0.2'],0,38:11
0.0,['0.2'],0,38:16
0.0,['0.2'],0,38:22
0.0,['0.2'],0,38:28
0.0,['0.2'],0,38:33
0.0,['0.2'],0,38:39
0.0,['0.2'],0,38:45
0.0,['0.2'],0,38:51
0.0,['0.2'],0,38:56
0.0,['0.2'],0,39:02
0.0,['0.2'],0,39:08
0.0,['0.2'],0,39:13
0.0,['0.2'],0,39:19
0.0,['0.2'],0,39:25
0.0,['0.2'],0,39:30
0.0,['0.2'],0,39:36
0.0,['0.2'],0,39:42
0.0,['0.2'],0,39:47
0.0,['0.2'],0,39:53
0.0,['0.2'],0,39:59
0.0,['0.2'],0,40:05
0.0,['0.2'],0,40:10
0.0,['0.2'],0,40:16
0.0,['0.2'],0,40:21
0.0,['0.2'],0,40:27
0.0,['0.2'],0,40:33
0.0,['0.2'],0,40:39
0.0,['0.2'],0,40:44
0.0,['0.2'],0,40:50
0.0,['0.2'],0,40:56
0.0,['0.2'],0,41:01
0.0,['0.2'],0,41:07
0.0,['0.2'],0,41:13
0.0,['0.2'],0,41:18
0.0,['0.2'],0,41:24
0.0,['0.2'],0,41:30
0.0,['0.2'],0,41:35
0.0,['0.2'],0,41:41
0.0,['0.2'],0,41:47
0.0,['0.2'],0,41:52
0.0,['0.2'],0,41:58
0.0,['0.2'],0,42:04
0.0,['0.2'],0,42:10
0.0,['0.2'],0,42:15
0.0,['0.2'],0,42:21
0.0,['0.2'],0,42:27
0.0,['0.2'],0,42:32
0.0,['0.2'],0,42:38
0.0,['0.2'],0,42:44
0.0,['0.2'],0,42:49
0.0,['0.2'],0,42:55
0.0,['0.2'],0,43:01
0.0,['0.2'],0,43:06
0.0,['0.2'],0,43:12
0.0,['0.2'],0,43:18
0.0,['0.2'],0,43:23
0.0,['0.2'],0,43:29
0.0,['0.2'],0,43:35
0.0,['0.2'],0,43:40
0.0,['0.2'],0,43:46
0.0,['0.2'],0,43:52
0.0,['0.2'],0,43:58
0.0,['0.2'],0,44:03
0.0,['0.2'],0,44:09
0.0,['0.2'],0,44:15
0.0,['0.2'],0,44:20
0.0,['0.2'],0,44:26
0.0,['0.2'],0,44:32
0.0,['0.2'],0,44:37
0.0,['0.2'],0,44:43
0.0,['0.2'],0,44:49
0.0,['0.2'],0,44:54
0.0,['0.2'],0,45:00
0.0,['0.2'],0,45:06
0.0,['0.2'],0,45:11
0.0,['0.2'],0,45:17
0.0,['0.2'],0,45:23
0.0,['0.2'],0,45:28
0.0,['0.2'],0,45:34
0.0,['0.2'],0,45:40
0.0,['0.2'],0,45:45
0.0,['0.2'],0,45:51
0.0,['0.2'],0,45:57
0.0,['0.2'],0,46:02
0.0,['0.2'],0,46:08
0.0,['0.2'],0,46:14
0.0,['0.2'],0,46:20
0.0,['0.2'],0,46:25
0.0,['0.2'],0,46:31
0.0,['0.2'],0,46:37
0.0,['0.2'],0,46:42
0.0,['0.2'],0,46:48
0.0,['0.2'],0,46:54
0.0,['0.2'],0,46:59
0.0,['0.2'],0,47:05
0.0,['0.2'],0,47:11
0.0,['0.2'],0,47:16
0.0,['0.2'],0,47:22
0.0,['0.2'],0,47:28
0.0,['0.2'],0,47:33
0.0,['0.2'],0,47:39
0.0,['0.2'],0,47:45
0.0,['0.2'],0,47:50
0.0,['0.2'],0,47:56
0.0,['0.2'],0,48:02
0.0,['0.2'],0,48:07
0.0,['0.2'],0,48:13
0.0,['0.2'],0,48:19
0.0,['0.2'],0,48:24
0.0,['0.2'],0,48:30
0.0,['0.2'],0,48:36
0.0,['0.2'],0,48:41
0.0,['0.2'],0,48:47
0.0,['0.2'],0,48:53
0.0,['0.2'],0,48:59
0.0,['0.2'],0,49:04
0.0,['0.2'],0,49:10
0.0,['0.2'],0,49:16
0.0,['0.2'],0,49:21
0.0,['0.2'],0,49:27
0.0,['0.2'],0,49:33
0.0,['0.2'],0,49:38
0.0,['0.2'],0,49:44
0.0,['0.2'],0,49:50
0.0,['0.2'],0,49:55
0.0,['0.2'],0,50:01
0.0,['0.2'],0,50:07
0.0,['0.2'],0,50:12
0.0,['0.2'],0,50:18
0.0,['0.2'],0,50:24
0.0,['0.2'],0,50:29
0.0,['0.2'],0,50:35
0.0,['0.2'],0,50:41
0.0,['0.2'],0,50:46
0.0,['0.2'],0,50:52
0.0,['0.2'],0,50:58
0.0,['0.2'],0,51:03
0.0,['0.2'],0,51:09
0.0,['0.2'],0,51:15
0.0,['0.2'],0,51:21
0.0,['0.2'],0,51:26
0.0,['0.2'],0,51:32
0.0,['0.2'],0,51:38
0.0,['0.2'],0,51:43
0.0,['0.2'],0,51:49
0.0,['0.2'],0,51:55
0.0,['0.2'],0,52:00
0.0,['0.2'],0,52:06
0.0,['0.2'],0,52:12
0.0,['0.2'],0,52:17
0.0,['0.2'],0,52:23
0.0,['0.2'],0,52:29
0.0,['0.2'],0,52:34
0.0,['0.2'],0,52:40
0.0,['0.2'],0,52:46
0.0,['0.2'],0,52:51
0.0,['0.2'],0,52:57
0.0,['0.2'],0,53:03
0.0,['0.2'],0,53:08
0.0,['0.2'],0,53:14
0.0,['0.2'],0,53:20
0.0,['0.2'],0,53:26
0.0,['0.2'],0,53:31
0.0,['0.2'],0,53:37
0.0,['0.2'],0,53:43
0.0,['0.2'],0,53:48
0.0,['0.2'],0,53:54
0.0,['0.2'],0,54:00
0.0,['0.2'],0,54:05
0.0,['0.2'],0,54:11
0.0,['0.2'],0,54:17
0.0,['0.2'],0,54:22
0.0,['0.2'],0,54:28
0.0,['0.2'],0,54:34
0.0,['0.2'],0,54:39
0.0,['0.2'],0,54:45
0.0,['0.2'],0,54:51
0.0,['0.2'],0,54:56
0.0,['0.2'],0,55:02
0.0,['0.2'],0,55:08
0.0,['0.2'],0,55:13
0.0,['0.2'],0,55:19
0.0,['0.2'],0,55:25
0.0,['0.2'],0,55:31
0.0,['0.2'],0,55:36
0.0,['0.2'],0,55:42
0.0,['0.2'],0,55:48
0.0,['0.2'],0,55:53
0.0,['0.2'],0,55:59
0.0,['0.2'],0,56:05
0.0,['0.2'],0,56:10
0.0,['0.2'],0,56:16
0.0,['0.2'],0,56:22
0.0,['0.2'],0,56:27
0.0,['0.2'],0,56:33
0.0,['0.2'],0,56:39
0.0,['0.2'],0,56:44
0.0,['0.2'],0,56:50
0.0,['0.2'],0,56:56
0.0,['0.2'],0,57:01
0.0,['0.2'],0,57:07
0.0,['0.2'],0,57:13
0.0,['0.2'],0,57:18
0.0,['0.2'],0,57:24
0.0,['0.2'],0,57:30
0.0,['0.2'],0,57:36
0.0,['0.2'],0,57:41
0.0,['0.2'],0,57:47
0.0,['0.2'],0,57:53
0.0,['0.2'],0,57:58
0.0,['0.2'],0,58:04
0.0,['0.2'],0,58:10
0.0,['0.2'],0,58:15
0.0,['0.2'],0,58:21
0.0,['0.2'],0,58:27
0.0,['0.2'],0,58:32
0.0,['0.2'],0,58:38
0.0,['0.2'],0,58:44
0.0,['0.2'],0,58:49
0.0,['0.2'],0,58:55
0.0,['0.2'],0,59:01
0.0,['0.2'],0,59:07
0.0,['0.2'],0,59:12
0.0,['0.2'],0,59:18
0.0,['0.2'],0,59:24
0.0,['0.2'],0,59:29
0.0,['0.2'],0,59:35
0.0,['0.2'],0,59:41
0.0,['0.2'],0,59:46
0.0,['0.2'],0,59:52
0.0,['0.2'],0,59:58
0.0,['0.2'],0,00:03
0.0,['0.2'],0,00:09
0.0,['0.2'],0,00:15
0.0,['0.2'],0,00:20
0.0,['0.2'],0,00:26
0.0,['0.2'],0,00:32
0.0,['0.2'],0,00:37
0.0,['0.2'],0,00:43
0.0,['0.2'],0,00:49
0.0,['0.2'],0,00:54
0.0,['0.2'],0,01:00
0.0,['0.2'],0,01:06
0.0,['0.2'],0,01:12
0.0,['0.2'],0,01:17
0.0,['0.2'],0,01:23
0.0,['0.2'],0,01:29
0.0,['0.2'],0,01:34
0.0,['0.2'],0,01:40
0.0,['0.2'],0,01:46
0.0,['0.2'],0,01:51
0.0,['0.2'],0,01:57
0.0,['0.2'],0,02:03
0.0,['0.2'],0,02:08
0.0,['0.2'],0,02:14
0.0,['0.2'],0,02:20
0.0,['0.2'],0,02:25
0.0,['0.2'],0,02:31
0.0,['0.2'],0,02:37
0.0,['0.2'],0,02:42
0.0,['0.2'],0,02:48
0.0,['0.2'],0,02:54
0.0,['0.2'],0,02:59
0.0,['0.2'],0,03:05
0.0,['0.2'],0,03:11
0.0,['0.2'],0,03:16
0.0,['0.2'],0,03:22
0.0,['0.2'],0,03:28
0.0,['0.2'],0,03:33
0.0,['0.2'],0,03:39
0.0,['0.2'],0,03:45
0.0,['0.2'],0,03:50
0.0,['0.2'],0,03:56
0.0,['0.2'],0,04:02
0.0,['0.2'],0,04:07
0.0,['0.2'],0,04:13
0.0,['0.2'],0,04:19
0.0,['0.2'],0,04:24
0.0,['0.2'],0,04:30
0.0,['0.2'],0,04:36
0.0,['0.2'],0,04:41
0.0,['0.2'],0,04:47
0.0,['0.2'],0,04:53
0.0,['0.2'],0,04:59
0.0,['0.2'],0,05:04
0.0,['0.2'],0,05:10
0.0,['0.2'],0,05:16
0.0,['0.2'],0,05:21
0.0,['0.2'],0,05:27
0.0,['0.2'],0,05:33
0.0,['0.2'],0,05:38
0.0,['0.2'],0,05:44
0.0,['0.2'],0,05:50
0.0,['0.2'],0,05:55
0.0,['0.2'],0,06:01
0.0,['0.2'],0,06:07
0.0,['0.2'],0,06:12
0.0,['0.2'],0,06:18
0.0,['0.2'],0,06:24
0.0,['0.2'],0,06:30
0.0,['0.2'],0,06:35
0.0,['0.2'],0,06:41
0.0,['0.2'],0,06:47
0.0,['0.2'],0,06:52
0.0,['0.2'],0,06:58
0.0,['0.2'],0,07:04
0.0,['0.2'],0,07:09
0.0,['0.2'],0,07:15
0.0,['0.2'],0,07:21
0.0,['0.2'],0,07:26
0.0,['0.2'],0,07:32
0.0,['0.2'],0,07:38
0.0,['0.2'],0,07:43
0.0,['0.2'],0,07:49
0.0,['0.2'],0,07:55
0.0,['0.2'],0,08:00
0.0,['0.2'],0,08:06
0.0,['0.2'],0,08:12
0.0,['0.2'],0,08:17
0.0,['0.2'],0,08:23
0.0,['0.2'],0,08:29
0.0,['0.2'],0,08:34
0.0,['0.2'],0,08:40
0.0,['0.2'],0,08:46
0.0,['0.2'],0,08:51
0.0,['0.2'],0,08:57
0.0,['0.2'],0,09:03
0.0,['0.2'],0,09:09
0.0,['0.2'],0,09:14
0.0,['0.2'],0,09:20
0.0,['0.2'],0,09:26
0.0,['0.2'],0,09:31
0.0,['0.2'],0,09:37
0.0,['0.2'],0,09:43
0.0,['0.2'],0,09:48
0.0,['0.2'],0,09:54
0.0,['0.2'],0,10:00
0.0,['0.2'],0,10:05
0.0,['0.2'],0,10:11
0.0,['0.2'],0,10:17
0.0,['0.2'],0,10:22
0.0,['0.2'],0,10:28
0.0,['0.2'],0,10:34
0.0,['0.2'],0,10:40
0.0,['0.2'],0,10:45
0.0,['0.2'],0,10:51
0.0,['0.2'],0,10:57
0.0,['0.2'],0,11:02
0.0,['0.2'],0,11:08
0.0,['0.2'],0,11:14
0.0,['0.2'],0,11:19
0.0,['0.2'],0,11:25
0.0,['0.2'],0,11:31
0.0,['0.2'],0,11:36
0.0,['0.2'],0,11:42
0.0,['0.2'],0,11:48
0.0,['0.2'],0,11:54
0.0,['0.2'],0,11:59
0.0,['0.2'],0,12:05
0.0,['0.2'],0,12:11
0.0,['0.2'],0,12:16
0.0,['0.2'],0,12:22
0.0,['0.2'],0,12:28
0.0,['0.2'],0,12:33
0.0,['0.2'],0,12:39
0.0,['0.2'],0,12:45
0.0,['0.2'],0,12:50
0.0,['0.2'],0,12:56
0.0,['0.2'],0,13:02
0.0,['0.2'],0,13:08
0.0,['0.2'],0,13:13
0.0,['0.2'],0,13:19
0.0,['0.2'],0,13:25
0.0,['0.2'],0,13:30
0.0,['0.2'],0,13:36
0.0,['0.2'],0,13:42
0.0,['0.2'],0,13:47
0.0,['0.2'],0,13:53
0.0,['0.2'],0,13:59
0.0,['0.2'],0,14:04
0.0,['0.2'],0,14:10
0.0,['0.2'],0,14:16
0.0,['0.2'],0,14:21
0.0,['0.2'],0,14:27
0.0,['0.2'],0,14:33
0.0,['0.2'],0,14:38
0.0,['0.2'],0,14:44
0.0,['0.2'],0,14:50
0.0,['0.2'],0,14:55
0.0,['0.2'],0,15:01
0.0,['0.2'],0,15:07
0.0,['0.2'],0,15:12
0.0,['0.2'],0,15:18
0.0,['0.2'],0,15:24
0.0,['0.2'],0,15:30
0.0,['0.2'],0,15:35
0.0,['0.2'],0,15:41
0.0,['0.2'],0,15:47
0.0,['0.2'],0,15:52
0.0,['0.2'],0,15:58
0.0,['0.2'],0,16:04
0.0,['0.2'],0,16:09
0.0,['0.2'],0,16:15
0.0,['0.2'],0,16:21
0.0,['0.2'],0,16:26
0.0,['0.2'],0,16:32
0.0,['0.2'],0,16:38
0.0,['0.2'],0,16:43
0.0,['0.2'],0,16:49
0.0,['0.2'],0,16:55
0.0,['0.2'],0,17:00
0.0,['0.2'],0,17:06
0.0,['0.2'],0,17:12
0.0,['0.2'],0,17:17
0.0,['0.2'],0,17:23
0.0,['0.2'],0,17:29
0.0,['0.2'],0,17:35
0.0,['0.2'],0,17:40
0.0,['0.2'],0,17:46
0.0,['0.2'],0,17:52
0.0,['0.2'],0,17:57
0.0,['0.2'],0,18:03
0.0,['0.2'],0,18:09
0.0,['0.2'],0,18:14
0.0,['0.2'],0,18:20
0.0,['0.2'],0,18:26
0.0,['0.2'],0,18:31
0.0,['0.2'],0,18:37
0.0,['0.2'],0,18:43
0.0,['0.2'],0,18:48
0.0,['0.2'],0,18:54
0.0,['0.2'],0,19:00
0.0,['0.2'],0,19:05
0.0,['0.2'],0,19:11
0.0,['0.2'],0,19:17
0.0,['0.2'],0,19:22
0.0,['0.2'],0,19:28
0.0,['0.2'],0,19:34
0.0,['0.2'],0,19:39
0.0,['0.2'],0,19:45
0.0,['0.2'],0,19:51
0.0,['0.2'],0,19:56
0.0,['0.2'],0,20:02
0.0,['0.2'],0,20:08
0.0,['0.2'],0,20:14
0.0,['0.2'],0,20:19
0.0,['0.2'],0,20:25
0.0,['0.2'],0,20:31
0.0,['0.2'],0,20:36
0.0,['0.2'],0,20:42
0.0,['0.2'],0,20:48
0.0,['0.2'],0,20:53
0.0,['0.2'],0,20:59
0.0,['0.2'],0,21:05
0.0,['0.2'],0,21:10
0.0,['0.2'],0,21:16
0.0,['0.2'],0,21:22
0.0,['0.2'],0,21:27
0.0,['0.2'],0,21:33
0.0,['0.2'],0,21:39
0.0,['0.2'],0,21:45
0.0,['0.2'],0,21:50
0.0,['0.2'],0,21:56
0.0,['0.2'],0,22:02
0.0,['0.2'],0,22:07
0.0,['0.2'],0,22:13
0.0,['0.2'],0,22:19
0.0,['0.2'],0,22:24
0.0,['0.2'],0,22:30
0.0,['0.2'],0,22:36
0.0,['0.2'],0,22:41
0.0,['0.2'],0,22:47
0.0,['0.2'],0,22:53
0.0,['0.2'],0,22:58
0.0,['0.2'],0,23:04
0.0,['0.2'],0,23:10
0.0,['0.2'],0,23:16
0.0,['0.2'],0,23:21
0.0,['0.2'],0,23:27
0.0,['0.2'],0,23:33
0.0,['0.2'],0,23:38
0.0,['0.2'],0,23:44
0.0,['0.2'],0,23:50
0.0,['0.2'],0,23:55
0.0,['0.2'],0,24:01
0.0,['0.2'],0,24:07
0.0,['0.2'],0,24:12
0.0,['0.2'],0,24:18
0.0,['0.2'],0,24:24
0.0,['0.2'],0,24:29
0.0,['0.2'],0,24:35
0.0,['0.2'],0,24:41
0.0,['0.2'],0,24:46
0.0,['0.2'],0,24:52
0.0,['0.2'],0,24:58
0.0,['0.2'],0,25:04
0.0,['0.2'],0,25:09
0.0,['0.2'],0,25:15
0.0,['0.2'],0,25:21
0.0,['0.2'],0,25:26
0.0,['0.2'],0,25:32
0.0,['0.2'],0,25:38
0.0,['0.2'],0,25:43
0.0,['0.2'],0,25:49
0.0,['0.2'],0,25:55
0.0,['0.2'],0,26:00
0.0,['0.2'],0,26:06
0.0,['0.2'],0,26:12
0.0,['0.2'],0,26:17
0.0,['0.2'],0,26:23
0.0,['0.2'],0,26:29
0.0,['0.2'],0,26:35
0.0,['0.2'],0,26:40
0.0,['0.2'],0,26:46
0.0,['0.2'],0,26:52
0.0,['0.2'],0,26:57
0.0,['0.2'],0,27:03
0.0,['0.2'],0,27:09
0.0,['0.2'],0,27:14
0.0,['0.2'],0,27:20
0.0,['0.2'],0,27:26
0.0,['0.2'],0,27:31
0.0,['0.2'],0,27:37
0.0,['0.2'],0,27:43
0.0,['0.2'],0,27:48
0.0,['0.2'],0,27:54
0.0,['0.2'],0,28:00
0.0,['0.2'],0,28:05
0.0,['0.2'],0,28:11
0.0,['0.2'],0,28:17
0.0,['0.2'],0,28:22
0.0,['0.2'],0,28:28
0.0,['0.2'],0,28:34
0.0,['0.2'],0,28:39
0.0,['0.2'],0,28:45
0.0,['0.2'],0,28:51
0.0,['0.2'],0,28:57
0.0,['0.2'],0,29:02
0.0,['0.2'],0,29:08
0.0,['0.2'],0,29:13
0.0,['0.2'],0,29:19
0.0,['0.2'],0,29:25
0.0,['0.2'],0,29:31
0.0,['0.2'],0,29:36
0.0,['0.2'],0,29:42
0.0,['0.2'],0,29:48
0.0,['0.2'],0,29:53
0.0,['0.2'],0,29:59
0.0,['0.2'],0,30:05
0.0,['0.2'],0,30:10
0.0,['0.2'],0,30:16
0.0,['0.2'],0,30:22
0.0,['0.2'],0,30:27
0.0,['0.2'],0,30:33
0.0,['0.2'],0,30:39
0.0,['0.2'],0,30:44
0.0,['0.2'],0,30:50
0.0,['0.2'],0,30:56
0.0,['0.2'],0,31:01
0.0,['0.2'],0,31:07
0.0,['0.2'],0,31:13
0.0,['0.2'],0,31:19
0.0,['0.2'],0,31:24
0.0,['0.2'],0,31:30
0.0,['0.2'],0,31:36
0.0,['0.2'],0,31:41
0.0,['0.2'],0,31:47
0.0,['0.2'],0,31:53
0.0,['0.2'],0,31:58
0.0,['0.2'],0,32:04
0.0,['0.2'],0,32:10
0.0,['0.2'],0,32:15
0.0,['0.2'],0,32:21
0.0,['0.2'],0,32:27
0.0,['0.2'],0,32:32
0.0,['0.2'],0,32:38
0.0,['0.2'],0,32:44
0.0,['0.2'],0,32:49
0.0,['0.2'],0,32:55
0.0,['0.2'],0,33:01
0.0,['0.2'],0,33:07
0.0,['0.2'],0,33:12
0.0,['0.2'],0,33:18
0.0,['0.2'],0,33:24
0.0,['0.2'],0,33:29
0.0,['0.2'],0,33:35
0.0,['0.2'],0,33:41
0.0,['0.2'],0,33:46
0.0,['0.2'],0,33:52
0.0,['0.2'],0,33:58
0.0,['0.2'],0,34:03
0.0,['0.2'],0,34:09
0.0,['0.2'],0,34:15
0.0,['0.2'],0,34:20
0.0,['0.2'],0,34:26
0.0,['0.2'],0,34:32
0.0,['0.2'],0,34:37
0.0,['0.2'],0,34:43
0.0,['0.2'],0,34:49
0.0,['0.2'],0,34:54
0.0,['0.2'],0,35:00
0.0,['0.2'],0,35:06
0.0,['0.2'],0,35:12
0.0,['0.2'],0,35:17
0.0,['0.2'],0,35:23
0.0,['0.2'],0,35:29
0.0,['0.2'],0,35:34
0.0,['0.2'],0,35:40
0.0,['0.2'],0,35:46
0.0,['0.2'],0,35:51
0.0,['0.2'],0,35:57
0.0,['0.2'],0,36:03
0.0,['0.2'],0,36:08
0.0,['0.2'],0,36:14
0.0,['0.2'],0,36:20
0.0,['0.2'],0,36:25
0.0,['0.2'],0,36:31
0.0,['0.2'],0,36:37
0.0,['0.2'],0,36:43
0.0,['0.2'],0,36:48
0.0,['0.2'],0,36:54
0.0,['0.2'],0,37:00
0.0,['0.2'],0,37:05
0.0,['0.2'],0,37:11
0.0,['0.2'],0,37:17
0.0,['0.2'],0,37:22
0.0,['0.2'],0,37:28
0.0,['0.2'],0,37:34
0.0,['0.2'],0,37:39
0.0,['0.2'],0,37:45
0.0,['0.2'],0,37:51
0.0,['0.2'],0,37:56
0.0,['0.2'],0,38:02
0.0,['0.2'],0,38:08
0.0,['0.2'],0,38:13
0.0,['0.2'],0,38:19
0.0,['0.2'],0,38:25
0.0,['0.2'],0,38:31
0.0,['0.2'],0,38:36
0.0,['0.2'],0,38:42
0.0,['0.2'],0,38:48
0.0,['0.2'],0,38:53
0.0,['0.2'],0,38:59
0.0,['0.2'],0,39:05
0.0,['0.2'],0,39:10
0.0,['0.2'],0,39:16
0.0,['0.2'],0,39:22
0.0,['0.2'],0,39:27
0.0,['0.2'],0,39:33
0.0,['0.2'],0,39:39
0.0,['0.2'],0,39:45
0.0,['0.2'],0,39:50
0.0,['0.2'],0,39:56
0.0,['0.2'],0,40:02
0.0,['0.2'],0,40:07
0.0,['0.2'],0,40:13
0.0,['0.2'],0,40:19
0.0,['0.2'],0,40:24
0.0,['0.2'],0,40:30
0.0,['0.2'],0,40:36
0.0,['0.2'],0,40:41
0.0,['0.2'],0,40:47
0.0,['0.2'],0,40:53
0.0,['0.2'],0,40:58
0.0,['0.2'],0,41:04
0.0,['0.2'],0,41:10
0.0,['0.2'],0,41:15
0.0,['0.2'],0,41:21
0.0,['0.2'],0,41:27
0.0,['0.2'],0,41:32
0.0,['0.2'],0,41:38
0.0,['0.2'],0,41:44
0.0,['0.2'],0,41:49
0.0,['0.2'],0,41:55
0.0,['0.2'],0,42:01
0.0,['0.2'],0,42:06
0.0,['0.2'],0,42:12
0.0,['0.2'],0,42:18
0.0,['0.2'],0,42:24
0.0,['0.2'],0,42:29
0.0,['0.2'],0,42:35
0.0,['0.2'],0,42:41
0.0,['0.2'],0,42:46
0.0,['0.2'],0,42:52
0.0,['0.2'],0,42:58
0.0,['0.2'],0,43:03
0.0,['0.2'],0,43:09
0.0,['0.2'],0,43:15
0.0,['0.2'],0,43:20
0.0,['0.2'],0,43:26
0.0,['0.2'],0,43:32
0.0,['0.2'],0,43:37
0.0,['0.2'],0,43:43
0.0,['0.2'],0,43:48
0.0,['0.2'],0,43:54
0.0,['0.2'],0,43:59
0.0,['0.2'],0,44:05
0.0,['0.2'],0,44:10
0.0,['0.2'],0,44:16
0.0,['0.2'],0,44:21
0.0,['0.2'],0,44:26
0.0,['0.2'],0,44:32
0.0,['0.2'],0,44:37
0.0,['0.2'],0,44:43
0.0,['0.2'],0,44:48
0.0,['0.2'],0,44:54
0.0,['0.2'],0,44:59
0.0,['0.2'],0,45:04
0.0,['0.2'],0,45:10
0.0,['0.2'],0,45:15
0.0,['0.2'],0,45:21
0.0,['0.2'],0,45:26
0.0,['0.2'],0,45:32
0.0,['0.2'],0,45:37
0.0,['0.2'],0,45:42
0.0,['0.2'],0,45:48
0.0,['0.2'],0,45:53
0.0,['0.2'],0,45:59
0.0,['0.2'],0,46:04
0.0,['0.2'],0,46:10
0.0,['0.2'],0,46:15
0.0,['0.2'],0,46:21
0.0,['0.2'],0,46:26
0.0,['0.2'],0,46:31
0.0,['0.2'],0,46:37
0.0,['0.2'],0,46:42
0.0,['0.2'],0,46:48
0.0,['0.2'],0,46:53
0.0,['0.2'],0,46:59
0.0,['0.2'],0,47:04
0.0,['0.2'],0,47:09
0.0,['0.2'],0,47:15
0.0,['0.2'],0,47:20
0.0,['0.2'],0,47:26
0.0,['0.2'],0,47:31
0.0,['0.2'],0,47:37
0.0,['0.2'],0,47:42
0.0,['0.2'],0,47:48
0.0,['0.2'],0,47:53
0.0,['0.2'],0,47:58
0.0,['0.2'],0,48:04
0.0,['0.2'],0,48:09
0.0,['0.2'],0,48:15
0.0,['0.2'],0,48:20
0.0,['0.2'],0,48:26
0.0,['0.2'],0,48:31
0.0,['0.2'],0,48:37
0.0,['0.2'],0,48:42
0.0,['0.2'],0,48:47
0.0,['0.2'],0,48:53
0.0,['0.2'],0,48:58
0.0,['0.2'],0,49:04
0.0,['0.2'],0,49:09
0.0,['0.2'],0,49:15
0.0,['0.2'],0,49:20
0.0,['0.2'],0,49:25
0.0,['0.2'],0,49:31
0.0,['0.2'],0,49:36
0.0,['0.2'],0,49:42
0.0,['0.2'],0,49:47
0.0,['0.2'],0,49:53
0.0,['0.2'],0,49:58
0.0,['0.2'],0,50:04
0.0,['0.2'],0,50:09
0.0,['0.2'],0,50:14
0.0,['0.2'],0,50:20
0.0,['0.2'],0,50:25
0.0,['0.2'],0,50:31
0.0,['0.2'],0,50:36
0.0,['0.2'],0,50:42
0.0,['0.2'],0,50:47
0.0,['0.2'],0,50:53
0.0,['0.2'],0,50:58
0.0,['0.2'],0,51:03
0.0,['0.2'],0,51:09
0.0,['0.2'],0,51:14
0.0,['0.2'],0,51:20
0.0,['0.2'],0,51:25
0.0,['0.2'],0,51:31
0.0,['0.2'],0,51:36
0.0,['0.2'],0,51:42
0.0,['0.2'],0,51:47
0.0,['0.2'],0,51:52
0.0,['0.2'],0,51:58
0.0,['0.2'],0,52:03
0.0,['0.2'],0,52:09
0.0,['0.2'],0,52:14
0.0,['0.2'],0,52:20
0.0,['0.2'],0,52:25
0.0,['0.2'],0,52:31
0.0,['0.2'],0,52:36
0.0,['0.2'],0,52:41
0.0,['0.2'],0,52:47
0.0,['0.2'],0,52:52
0.0,['0.2'],0,52:58
0.0,['0.2'],0,53:03
0.0,['0.2'],0,53:09
0.0,['0.2'],0,53:14
0.0,['0.2'],0,53:20
0.0,['0.2'],0,53:25
0.0,['0.2'],0,53:30
0.0,['0.2'],0,53:36
0.0,['0.2'],0,53:41
0.0,['0.2'],0,53:47
0.0,['0.2'],0,53:52
0.0,['0.2'],0,53:58
0.0,['0.2'],0,54:03
0.0,['0.2'],0,54:08
0.0,['0.2'],0,54:14
0.0,['0.2'],0,54:19
0.0,['0.2'],0,54:25
0.0,['0.2'],0,54:30
0.0,['0.2'],0,54:36
0.0,['0.2'],0,54:41
0.0,['0.2'],0,54:46
0.0,['0.2'],0,54:52
0.0,['0.2'],0,54:57
0.0,['0.2'],0,55:03
0.0,['0.2'],0,55:08
0.0,['0.2'],0,55:14
0.0,['0.2'],0,55:19
0.0,['0.2'],0,55:25
0.0,['0.2'],0,55:30
0.0,['0.2'],0,55:35
0.0,['0.2'],0,55:41
0.0,['0.2'],0,55:46
0.0,['0.2'],0,55:52
0.0,['0.2'],0,55:57
0.0,['0.2'],0,56:03
0.0,['0.2'],0,56:08
0.0,['0.2'],0,56:14
0.0,['0.2'],0,56:19
0.0,['0.2'],0,56:24
0.0,['0.2'],0,56:30
0.0,['0.2'],0,56:35
0.0,['0.2'],0,56:41
0.0,['0.2'],0,56:46
0.0,['0.2'],0,56:52
0.0,['0.2'],0,56:57
0.0,['0.2'],0,57:03
0.0,['0.2'],0,57:08
0.0,['0.2'],0,57:13
0.0,['0.2'],0,57:19
0.0,['0.2'],0,57:24
0.0,['0.2'],0,57:30
0.0,['0.2'],0,57:35
0.0,['0.2'],0,57:41
0.0,['0.2'],0,57:46
0.0,['0.2'],0,57:51
0.0,['0.2'],0,57:57
0.0,['0.2'],0,58:02
0.0,['0.2'],0,58:08
0.0,['0.2'],0,58:13
0.0,['0.2'],0,58:19
0.0,['0.2'],0,58:24
0.0,['0.2'],0,58:29
0.0,['0.2'],0,58:35
0.0,['0.2'],0,58:40
0.0,['0.2'],0,58:46
0.0,['0.2'],0,58:51
0.0,['0.2'],0,58:57
0.0,['0.2'],0,59:02
0.0,['0.2'],0,59:08
0.0,['0.2'],0,59:13
0.0,['0.2'],0,59:18
0.0,['0.2'],0,59:24
0.0,['0.2'],0,59:29
0.0,['0.2'],0,59:35
0.0,['0.2'],0,59:40
0.0,['0.2'],0,59:46
0.0,['0.2'],0,59:51
0.0,['0.2'],0,59:57
0.0,['0.2'],0,00:02
0.0,['0.2'],0,00:07
0.0,['0.2'],0,00:13
0.0,['0.2'],0,00:18
0.0,['0.2'],0,00:24
0.0,['0.2'],0,00:29
0.0,['0.2'],0,00:35
0.0,['0.2'],0,00:40
0.0,['0.2'],0,00:46
0.0,['0.2'],0,00:51
0.0,['0.2'],0,00:56
0.0,['0.2'],0,01:02
0.0,['0.2'],0,01:07
0.0,['0.2'],0,01:13
0.0,['0.2'],0,01:18
0.0,['0.2'],0,01:24
0.0,['0.2'],0,01:29
0.0,['0.2'],0,01:34
0.0,['0.2'],0,01:40
0.0,['0.2'],0,01:45
0.0,['0.2'],0,01:51
0.0,['0.2'],0,01:56
0.0,['0.2'],0,02:02
0.0,['0.2'],0,02:07
0.0,['0.2'],0,02:13
0.0,['0.2'],0,02:18
0.0,['0.2'],0,02:23
0.0,['0.2'],0,02:29
0.0,['0.2'],0,02:34
0.0,['0.2'],0,02:40
0.0,['0.2'],0,02:45
0.0,['0.2'],0,02:51
0.0,['0.2'],0,02:56
0.0,['0.2'],0,03:02
0.0,['0.2'],0,03:07
0.0,['0.2'],0,03:12
0.0,['0.2'],0,03:18
0.0,['0.2'],0,03:23
0.0,['0.2'],0,03:29
0.0,['0.2'],0,03:34
0.0,['0.2'],0,03:40
0.0,['0.2'],0,03:45
0.0,['0.2'],0,03:50
0.0,['0.2'],0,03:56
0.0,['0.2'],0,04:01
0.0,['0.2'],0,04:07
0.0,['0.2'],0,04:12
0.0,['0.2'],0,04:18
0.0,['0.2'],0,04:23
0.0,['0.2'],0,04:28
0.0,['0.2'],0,04:34
0.0,['0.2'],0,04:39
0.0,['0.2'],0,04:45
0.0,['0.2'],0,04:50
0.0,['0.2'],0,04:56
0.0,['0.2'],0,05:01
0.0,['0.2'],0,05:07
0.0,['0.2'],0,05:12
0.0,['0.2'],0,05:18
0.0,['0.2'],0,05:23
0.0,['0.2'],0,05:28
0.0,['0.2'],0,05:34
0.0,['0.2'],0,05:39
0.0,['0.2'],0,05:45
0.0,['0.2'],0,05:50
0.0,['0.2'],0,05:56
0.0,['0.2'],0,06:01
0.0,['0.2'],0,06:07
0.0,['0.2'],0,06:12
0.0,['0.2'],0,06:17
0.0,['0.2'],0,06:23
0.0,['0.2'],0,06:28
0.0,['0.2'],0,06:34
0.0,['0.2'],0,06:39
0.0,['0.2'],0,06:45
0.0,['0.2'],0,06:50
0.0,['0.2'],0,06:55
0.0,['0.2'],0,07:01
0.0,['0.2'],0,07:06
0.0,['0.2'],0,07:12
0.0,['0.2'],0,07:17
0.0,['0.2'],0,07:23
0.0,['0.2'],0,07:28
0.0,['0.2'],0,07:34
0.0,['0.2'],0,07:39
0.0,['0.2'],0,07:44
0.0,['0.2'],0,07:50
0.0,['0.2'],0,07:55
0.0,['0.2'],0,08:01
0.0,['0.2'],0,08:06
0.0,['0.2'],0,08:12
0.0,['0.2'],0,08:17
0.0,['0.2'],0,08:23
0.0,['0.2'],0,08:28
0.0,['0.2'],0,08:33
0.0,['0.2'],0,08:39
0.0,['0.2'],0,08:44
0.0,['0.2'],0,08:50
0.0,['0.2'],0,08:55
0.0,['0.2'],0,09:01
0.0,['0.2'],0,09:06
0.0,['0.2'],0,09:12
0.0,['0.2'],0,09:17
0.0,['0.2'],0,09:22
0.0,['0.2'],0,09:28
0.0,['0.2'],0,09:33
0.0,['0.2'],0,09:39
0.0,['0.2'],0,09:44
0.0,['0.2'],0,09:50
0.0,['0.2'],0,09:55
0.0,['0.2'],0,10:00
0.0,['0.2'],0,10:06
0.0,['0.2'],0,10:11
0.0,['0.2'],0,10:17
0.0,['0.2'],0,10:22
0.0,['0.2'],0,10:28
0.0,['0.2'],0,10:33
0.0,['0.2'],0,10:39
0.0,['0.2'],0,10:44
0.0,['0.2'],0,10:49
0.0,['0.2'],0,10:55
0.0,['0.2'],0,11:00
0.0,['0.2'],0,11:06
0.0,['0.2'],0,11:11
0.0,['0.2'],0,11:17
0.0,['0.2'],0,11:22
0.0,['0.2'],0,11:27
0.0,['0.2'],0,11:33
0.0,['0.2'],0,11:38
0.0,['0.2'],0,11:44
0.0,['0.2'],0,11:49
0.0,['0.2'],0,11:55
0.0,['0.2'],0,12:00
0.0,['0.2'],0,12:06
0.0,['0.2'],0,12:11
0.0,['0.2'],0,12:16
0.0,['0.2'],0,12:22
0.0,['0.2'],0,12:27
0.0,['0.2'],0,12:33
0.0,['0.2'],0,12:38
0.0,['0.2'],0,12:44
0.0,['0.2'],0,12:49
0.0,['0.2'],0,12:55
0.0,['0.2'],0,13:00
0.0,['0.2'],0,13:05
0.0,['0.2'],0,13:11
0.0,['0.2'],0,13:16
0.0,['0.2'],0,13:22
0.0,['0.2'],0,13:27
0.0,['0.2'],0,13:33
0.0,['0.2'],0,13:38
0.0,['0.2'],0,13:43
0.0,['0.2'],0,13:49
0.0,['0.2'],0,13:54
0.0,['0.2'],0,14:00
0.0,['0.2'],0,14:05
0.0,['0.2'],0,14:11
0.0,['0.2'],0,14:16
0.0,['0.2'],0,14:22
0.0,['0.2'],0,14:27
0.0,['0.2'],0,14:32
0.0,['0.2'],0,14:38
0.0,['0.2'],0,14:43
0.0,['0.2'],0,14:49
0.0,['0.2'],0,14:54
0.0,['0.2'],0,15:00
0.0,['0.2'],0,15:05
0.0,['0.2'],0,15:11
0.0,['0.2'],0,15:16
0.0,['0.2'],0,15:21
0.0,['0.2'],0,15:27
0.0,['0.2'],0,15:32
0.0,['0.2'],0,15:38
0.0,['0.2'],0,15:43
0.0,['0.2'],0,15:49
0.0,['0.2'],0,15:54
0.0,['0.2'],0,16:00
0.0,['0.2'],0,16:05
0.0,['0.2'],0,16:10
0.0,['0.2'],0,16:16
0.0,['0.2'],0,16:21
0.0,['0.2'],0,16:27
0.0,['0.2'],0,16:32
0.0,['0.2'],0,16:38
0.0,['0.2'],0,16:43
0.0,['0.2'],0,16:49
0.0,['0.2'],0,16:54
0.0,['0.2'],0,16:59
0.0,['0.2'],0,17:05
0.0,['0.2'],0,17:10
0.0,['0.2'],0,17:16
0.0,['0.2'],0,17:21
0.0,['0.2'],0,17:27
0.0,['0.2'],0,17:32
0.0,['0.2'],0,17:38
0.0,['0.2'],0,17:43
0.0,['0.2'],0,17:48
0.0,['0.2'],0,17:54
0.0,['0.2'],0,17:59
0.0,['0.2'],0,18:05
0.0,['0.2'],0,18:10
0.0,['0.2'],0,18:16
0.0,['0.2'],0,18:21
0.0,['0.2'],0,18:27
0.0,['0.2'],0,18:32
0.0,['0.2'],0,18:37
0.0,['0.2'],0,18:43
0.0,['0.2'],0,18:48
0.0,['0.2'],0,18:54
0.0,['0.2'],0,18:59
0.0,['0.2'],0,19:05
0.0,['0.2'],0,19:10
0.0,['0.2'],0,19:16
0.0,['0.2'],0,19:21
0.0,['0.2'],0,19:26
0.0,['0.2'],0,19:32
0.0,['0.2'],0,19:37
0.0,['0.2'],0,19:43
0.0,['0.2'],0,19:48
0.0,['0.2'],0,19:54
0.0,['0.2'],0,19:59
0.0,['0.2'],0,20:04
0.0,['0.2'],0,20:10
0.0,['0.2'],0,20:15
0.0,['0.2'],0,20:21
0.0,['0.2'],0,20:26
0.0,['0.2'],0,20:32
0.0,['0.2'],0,20:37
0.0,['0.2'],0,20:43
0.0,['0.2'],0,20:48
0.0,['0.2'],0,20:53
0.0,['0.2'],0,20:59
0.0,['0.2'],0,21:04
0.0,['0.2'],0,21:10
0.0,['0.2'],0,21:15
0.0,['0.2'],0,21:21
0.0,['0.2'],0,21:26
0.0,['0.2'],0,21:32
0.0,['0.2'],0,21:37
0.0,['0.2'],0,21:42
0.0,['0.2'],0,21:48
0.0,['0.2'],0,21:53
0.0,['0.2'],0,21:59
0.0,['0.2'],0,22:04
0.0,['0.2'],0,22:10
0.0,['0.2'],0,22:15
0.0,['0.2'],0,22:20
0.0,['0.2'],0,22:26
0.0,['0.2'],0,22:31
0.0,['0.2'],0,22:37
0.0,['0.2'],0,22:42
0.0,['0.2'],0,22:48
0.0,['0.2'],0,22:53
0.0,['0.2'],0,22:59
0.0,['0.2'],0,23:04
0.0,['0.2'],0,23:09
0.0,['0.2'],0,23:15
0.0,['0.2'],0,23:20
0.0,['0.2'],0,23:26
0.0,['0.2'],0,23:31
0.0,['0.2'],0,23:37
0.0,['0.2'],0,23:42
0.0,['0.2'],0,23:47
0.0,['0.2'],0,23:53
0.0,['0.2'],0,23:58
0.0,['0.2'],0,24:04
0.0,['0.2'],0,24:09
0.0,['0.2'],0,24:15
0.0,['0.2'],0,24:20
0.0,['0.2'],0,24:26
0.0,['0.2'],0,24:31
0.0,['0.2'],0,24:36
0.0,['0.2'],0,24:42
0.0,['0.2'],0,24:47
0.0,['0.2'],0,24:53
0.0,['0.2'],0,24:58
0.0,['0.2'],0,25:04
0.0,['0.2'],0,25:09
0.0,['0.2'],0,25:15
0.0,['0.2'],0,25:20
0.0,['0.2'],0,25:25
0.0,['0.2'],0,25:31
0.0,['0.2'],0,25:36
0.0,['0.2'],0,25:42
0.0,['0.2'],0,25:47
0.0,['0.2'],0,25:53
0.0,['0.2'],0,25:58
0.0,['0.2'],0,26:03
0.0,['0.2'],0,26:09
0.0,['0.2'],0,26:14
0.0,['0.2'],0,26:20
0.0,['0.2'],0,26:25
0.0,['0.2'],0,26:31
0.0,['0.2'],0,26:36
0.0,['0.2'],0,26:42
0.0,['0.2'],0,26:47
0.0,['0.2'],0,26:52
0.0,['0.2'],0,26:58
0.0,['0.2'],0,27:03
0.0,['0.2'],0,27:09
0.0,['0.2'],0,27:14
0.0,['0.2'],0,27:20
0.0,['0.2'],0,27:25
0.0,['0.2'],0,27:31
0.0,['0.2'],0,27:36
0.0,['0.2'],0,27:41
0.0,['0.2'],0,27:47
0.0,['0.2'],0,27:52
0.0,['0.2'],0,27:58
0.0,['0.2'],0,28:03
0.0,['0.2'],0,28:09
0.0,['0.2'],0,28:14
0.0,['0.2'],0,28:20
0.0,['0.2'],0,28:25
0.0,['0.2'],0,28:30
0.0,['0.2'],0,28:36
0.0,['0.2'],0,28:41
0.0,['0.2'],0,28:47
0.0,['0.2'],0,28:52
0.0,['0.2'],0,28:58
0.0,['0.2'],0,29:03
0.0,['0.2'],0,29:08
0.0,['0.2'],0,29:14
0.0,['0.2'],0,29:19
0.0,['0.2'],0,29:25
0.0,['0.2'],0,29:30
0.0,['0.2'],0,29:36
0.0,['0.2'],0,29:41
0.0,['0.2'],0,29:46
0.0,['0.2'],0,29:52
0.0,['0.2'],0,29:57
0.0,['0.2'],0,30:03
0.0,['0.2'],0,30:08
0.0,['0.2'],0,30:14
0.0,['0.2'],0,30:19
0.0,['0.2'],0,30:25
0.0,['0.2'],0,30:30
0.0,['0.2'],0,30:35
0.0,['0.2'],0,30:41
0.0,['0.2'],0,30:46
0.0,['0.2'],0,30:52
0.0,['0.2'],0,30:57
0.0,['0.2'],0,31:03
0.0,['0.2'],0,31:08
0.0,['0.2'],0,31:14
0.0,['0.2'],0,31:19
0.0,['0.2'],0,31:24
0.0,['0.2'],0,31:30
0.0,['0.2'],0,31:35
0.0,['0.2'],0,31:41
0.0,['0.2'],0,31:46
0.0,['0.2'],0,31:52
0.0,['0.2'],0,31:57
0.0,['0.2'],0,32:02
0.0,['0.2'],0,32:08
0.0,['0.2'],0,32:13
0.0,['0.2'],0,32:19
0.0,['0.2'],0,32:24
0.0,['0.2'],0,32:30
0.0,['0.2'],0,32:35
0.0,['0.2'],0,32:40
0.0,['0.2'],0,32:46
0.0,['0.2'],0,32:51
0.0,['0.2'],0,32:57
0.0,['0.2'],0,33:02
0.0,['0.2'],0,33:08
0.0,['0.2'],0,33:13
0.0,['0.2'],0,33:19
0.0,['0.2'],0,33:24
0.0,['0.2'],0,33:29
0.0,['0.2'],0,33:35
0.0,['0.2'],0,33:40
0.0,['0.2'],0,33:46
0.0,['0.2'],0,33:51
0.0,['0.2'],0,33:57
0.0,['0.2'],0,34:02
0.0,['0.2'],0,34:07
0.0,['0.2'],0,34:13
0.0,['0.2'],0,34:18
0.0,['0.2'],0,34:24
0.0,['0.2'],0,34:29
0.0,['0.2'],0,34:35
0.0,['0.2'],0,34:40
0.0,['0.2'],0,34:45
0.0,['0.2'],0,34:51
0.0,['0.2'],0,34:56
0.0,['0.2'],0,35:02
0.0,['0.2'],0,35:07
0.0,['0.2'],0,35:13
0.0,['0.2'],0,35:18
0.0,['0.2'],0,35:24
0.0,['0.2'],0,35:29
0.0,['0.2'],0,35:34
0.0,['0.2'],0,35:40
0.0,['0.2'],0,35:45
0.0,['0.2'],0,35:51
0.0,['0.2'],0,35:56
0.0,['0.2'],0,36:02
0.0,['0.2'],0,36:07
0.0,['0.2'],0,36:12
0.0,['0.2'],0,36:18
0.0,['0.2'],0,36:23
0.0,['0.2'],0,36:29
0.0,['0.2'],0,36:34
0.0,['0.2'],0,36:40
0.0,['0.2'],0,36:45
0.0,['0.2'],0,36:51
0.0,['0.2'],0,36:56
0.0,['0.2'],0,37:01
0.0,['0.2'],0,37:07
0.0,['0.2'],0,37:12
0.0,['0.2'],0,37:18
0.0,['0.2'],0,37:23
0.0,['0.2'],0,37:29
0.0,['0.2'],0,37:34
0.0,['0.2'],0,37:39
0.0,['0.2'],0,37:45
0.0,['0.2'],0,37:50
0.0,['0.2'],0,37:56
0.0,['0.2'],0,38:01
0.0,['0.2'],0,38:07
0.0,['0.2'],0,38:12
0.0,['0.2'],0,38:18
0.0,['0.2'],0,38:23
0.0,['0.2'],0,38:28
0.0,['0.2'],0,38:34
0.0,['0.2'],0,38:39
0.0,['0.2'],0,38:45
0.0,['0.2'],0,38:50
0.0,['0.2'],0,38:56
0.0,['0.2'],0,39:01
0.0,['0.2'],0,39:07
0.0,['0.2'],0,39:12
0.0,['0.2'],0,39:17
0.0,['0.2'],0,39:23
0.0,['0.2'],0,39:28
0.0,['0.2'],0,39:34
0.0,['0.2'],0,39:39
0.0,['0.2'],0,39:45
0.0,['0.2'],0,39:50
0.0,['0.2'],0,39:56
0.0,['0.2'],0,40:01
0.0,['0.2'],0,40:06
0.0,['0.2'],0,40:12
0.0,['0.2'],0,40:17
0.0,['0.2'],0,40:23
0.0,['0.2'],0,40:28
0.0,['0.2'],0,40:34
0.0,['0.2'],0,40:39
0.0,['0.2'],0,40:45
0.0,['0.2'],0,40:50
0.0,['0.2'],0,40:55
0.0,['0.2'],0,41:01
0.0,['0.2'],0,41:06
0.0,['0.2'],0,41:12
0.0,['0.2'],0,41:17
0.0,['0.2'],0,41:23
0.0,['0.2'],0,41:28
0.0,['0.2'],0,41:34
0.0,['0.2'],0,41:39
0.0,['0.2'],0,41:44
0.0,['0.2'],0,41:50
0.0,['0.2'],0,41:55
0.0,['0.2'],0,42:01
0.0,['0.2'],0,42:06
0.0,['0.2'],0,42:12
0.0,['0.2'],0,42:17
0.0,['0.2'],0,42:23
0.0,['0.2'],0,42:28
0.0,['0.2'],0,42:33
0.0,['0.2'],0,42:39
0.0,['0.2'],0,42:44
0.0,['0.2'],0,42:50
0.0,['0.2'],0,42:55
0.0,['0.2'],0,43:01
0.0,['0.2'],0,43:06
0.0,['0.2'],0,43:11
0.0,['0.2'],0,43:17
0.0,['0.2'],0,43:22
0.0,['0.2'],0,43:28
0.0,['0.2'],0,43:33
0.0,['0.2'],0,43:39
0.0,['0.2'],0,43:44
0.0,['0.2'],0,43:50
0.0,['0.2'],0,43:55
0.0,['0.2'],0,44:00
0.0,['0.2'],0,44:06
0.0,['0.2'],0,44:11
0.0,['0.2'],0,44:17
0.0,['0.2'],0,44:22
0.0,['0.2'],0,44:28
0.0,['0.2'],0,44:33
0.0,['0.2'],0,44:39
0.0,['0.2'],0,44:44
0.0,['0.2'],0,44:49
0.0,['0.2'],0,44:55
0.0,['0.2'],0,45:00
0.0,['0.2'],0,45:06
0.0,['0.2'],0,45:11
0.0,['0.2'],0,45:17
0.0,['0.2'],0,45:22
0.0,['0.2'],0,45:27
0.0,['0.2'],0,45:33
0.0,['0.2'],0,45:38
0.0,['0.2'],0,45:44
0.0,['0.2'],0,45:49
0.0,['0.2'],0,45:55
0.0,['0.2'],0,46:00
0.0,['0.2'],0,46:06
0.0,['0.2'],0,46:11
0.0,['0.2'],0,46:16
0.0,['0.2'],0,46:22
0.0,['0.2'],0,46:27
0.0,['0.2'],0,46:33
0.0,['0.2'],0,46:38
0.0,['0.2'],0,46:44
0.0,['0.2'],0,46:49
0.0,['0.2'],0,46:54
0.0,['0.2'],0,47:00
0.0,['0.2'],0,47:05
0.0,['0.2'],0,47:11
0.0,['0.2'],0,47:16
0.0,['0.2'],0,47:22
0.0,['0.2'],0,47:27
0.0,['0.2'],0,47:33
0.0,['0.2'],0,47:38
0.0,['0.2'],0,47:43
0.0,['0.2'],0,47:49
0.0,['0.2'],0,47:54
0.0,['0.2'],0,48:00
0.0,['0.2'],0,48:05
0.0,['0.2'],0,48:11
0.0,['0.2'],0,48:16
0.0,['0.2'],0,48:22
0.0,['0.2'],0,48:27
0.0,['0.2'],0,48:32
0.0,['0.2'],0,48:38
0.0,['0.2'],0,48:43
0.0,['0.2'],0,48:49
0.0,['0.2'],0,48:54
0.0,['0.2'],0,49:00
0.0,['0.2'],0,49:05
0.0,['0.2'],0,49:10
0.0,['0.2'],0,49:16
0.0,['0.2'],0,49:21
0.0,['0.2'],0,49:27
0.0,['0.2'],0,49:32
0.0,['0.2'],0,49:38
0.0,['0.2'],0,49:43
0.0,['0.2'],0,49:49
0.0,['0.2'],0,49:54
0.0,['0.2'],0,49:59
0.0,['0.2'],0,50:05
0.0,['0.2'],0,50:10
0.0,['0.2'],0,50:16
0.0,['0.2'],0,50:21
0.0,['0.2'],0,50:27
0.0,['0.2'],0,50:32
0.0,['0.2'],0,50:38
0.0,['0.2'],0,50:43
0.0,['0.2'],0,50:48
0.0,['0.2'],0,50:54
0.0,['0.2'],0,50:59
0.0,['0.2'],0,51:05
0.0,['0.2'],0,51:10
0.0,['0.2'],0,51:16
0.0,['0.2'],0,51:21
0.0,['0.2'],0,51:27
0.0,['0.2'],0,51:32
0.0,['0.2'],0,51:37
0.0,['0.2'],0,51:43
0.0,['0.2'],0,51:48
0.0,['0.2'],0,51:54
0.0,['0.2'],0,51:59
0.0,['0.2'],0,52:05
0.0,['0.2'],0,52:10
0.0,['0.2'],0,52:15
0.0,['0.2'],0,52:21
0.0,['0.2'],0,52:26
0.0,['0.2'],0,52:32
0.0,['0.2'],0,52:37
0.0,['0.2'],0,52:43
0.0,['0.2'],0,52:48
0.0,['0.2'],0,52:54
0.0,['0.2'],0,52:59
0.0,['0.2'],0,53:04
0.0,['0.2'],0,53:10
0.0,['0.2'],0,53:15
0.0,['0.2'],0,53:21
0.0,['0.2'],0,53:26
0.0,['0.2'],0,53:32
0.0,['0.2'],0,53:37
0.0,['0.2'],0,53:43
0.0,['0.2'],0,53:48
0.0,['0.2'],0,53:53
0.0,['0.2'],0,53:59
0.0,['0.2'],0,54:04
0.0,['0.2'],0,54:10
0.0,['0.2'],0,54:15
0.0,['0.2'],0,54:21
0.0,['0.2'],0,54:26
0.0,['0.2'],0,54:31
0.0,['0.2'],0,54:37
0.0,['0.2'],0,54:42
0.0,['0.2'],0,54:48
0.0,['0.2'],0,54:53
0.0,['0.2'],0,54:59
0.0,['0.2'],0,55:04
0.0,['0.2'],0,55:10
0.0,['0.2'],0,55:15
0.0,['0.2'],0,55:20
0.0,['0.2'],0,55:26
0.0,['0.2'],0,55:31
0.0,['0.2'],0,55:37
0.0,['0.2'],0,55:42
0.0,['0.2'],0,55:48
0.0,['0.2'],0,55:53
0.0,['0.2'],0,55:59
0.0,['0.2'],0,56:04
0.0,['0.2'],0,56:09
0.0,['0.2'],0,56:15
0.0,['0.2'],0,56:20
0.0,['0.2'],0,56:26
0.0,['0.2'],0,56:31
0.0,['0.2'],0,56:37
0.0,['0.2'],0,56:42
0.0,['0.2'],0,56:48
0.0,['0.2'],0,56:53
0.0,['0.2'],0,56:58
0.0,['0.2'],0,57:04
0.0,['0.2'],0,57:09
0.0,['0.2'],0,57:15
0.0,['0.2'],0,57:20
0.0,['0.2'],0,57:26
0.0,['0.2'],0,57:31
0.0,['0.2'],0,57:36
0.0,['0.2'],0,57:42
0.0,['0.2'],0,57:47
0.0,['0.2'],0,57:53
0.0,['0.2'],0,57:58
0.0,['0.2'],0,58:04
0.0,['0.2'],0,58:09
0.0,['0.2'],0,58:14
0.0,['0.2'],0,58:20
0.0,['0.2'],0,58:25
0.0,['0.2'],0,58:31
0.0,['0.2'],0,58:36
0.0,['0.2'],0,58:42
0.0,['0.2'],0,58:47
0.0,['0.2'],0,58:53
0.0,['0.2'],0,58:58
0.0,['0.2'],0,59:03
0.0,['0.2'],0,59:09
0.0,['0.2'],0,59:14
0.0,['0.2'],0,59:20
0.0,['0.2'],0,59:25
0.0,['0.2'],0,59:31
0.0,['0.2'],0,59:36
0.0,['0.2'],0,59:42
0.0,['0.2'],0,59:47
0.0,['0.2'],0,59:52
0.0,['0.2'],0,59:58
0.0,['0.2'],0,00:03
0.0,['0.2'],0,00:09
0.0,['0.2'],0,00:14
0.0,['0.2'],0,00:20
0.0,['0.2'],0,00:25
0.0,['0.2'],0,00:31
0.0,['0.2'],0,00:36
0.0,['0.2'],0,00:41
0.0,['0.2'],0,00:47
0.0,['0.2'],0,00:52
0.0,['0.2'],0,00:58
0.0,['0.2'],0,01:03
0.0,['0.2'],0,01:09
0.0,['0.2'],0,01:14
0.0,['0.2'],0,01:19
0.0,['0.2'],0,01:25
0.0,['0.2'],0,01:30
0.0,['0.2'],0,01:36
0.0,['0.2'],0,01:41
0.0,['0.2'],0,01:47
0.0,['0.2'],0,01:52
0.0,['0.2'],0,01:58
0.0,['0.2'],0,02:03
0.0,['0.2'],0,02:08
0.0,['0.2'],0,02:14
0.0,['0.2'],0,02:19
0.0,['0.2'],0,02:25
0.0,['0.2'],0,02:30
0.0,['0.2'],0,02:36
0.0,['0.2'],0,02:41
0.0,['0.2'],0,02:46
0.0,['0.2'],0,02:52
0.0,['0.2'],0,02:57
0.0,['0.2'],0,03:03
0.0,['0.2'],0,03:08
0.0,['0.2'],0,03:14
0.0,['0.2'],0,03:19
0.0,['0.2'],0,03:25
0.0,['0.2'],0,03:30
0.0,['0.2'],0,03:35
0.0,['0.2'],0,03:41
0.0,['0.2'],0,03:46
0.0,['0.2'],0,03:52
0.0,['0.2'],0,03:57
0.0,['0.2'],0,04:03
0.0,['0.2'],0,04:08
0.0,['0.2'],0,04:13
0.0,['0.2'],0,04:19
0.0,['0.2'],0,04:24
0.0,['0.2'],0,04:30
0.0,['0.2'],0,04:35
0.0,['0.2'],0,04:41
0.0,['0.2'],0,04:46
0.0,['0.2'],0,04:51
0.0,['0.2'],0,04:57
0.0,['0.2'],0,05:02
0.0,['0.2'],0,05:08
0.0,['0.2'],0,05:13
0.0,['0.2'],0,05:19
0.0,['0.2'],0,05:24
0.0,['0.2'],0,05:30
0.0,['0.2'],0,05:35
0.0,['0.2'],0,05:40
0.0,['0.2'],0,05:46
0.0,['0.2'],0,05:51
0.0,['0.2'],0,05:57
0.0,['0.2'],0,06:02
0.0,['0.2'],0,06:08
0.0,['0.2'],0,06:13
0.0,['0.2'],0,06:18
0.0,['0.2'],0,06:24
0.0,['0.2'],0,06:29
0.0,['0.2'],0,06:35
0.0,['0.2'],0,06:40
0.0,['0.2'],0,06:46
0.0,['0.2'],0,06:51
0.0,['0.2'],0,06:57
0.0,['0.2'],0,07:02
0.0,['0.2'],0,07:07
0.0,['0.2'],0,07:13
0.0,['0.2'],0,07:18
0.0,['0.2'],0,07:24
0.0,['0.2'],0,07:29
0.0,['0.2'],0,07:35
0.0,['0.2'],0,07:40
0.0,['0.2'],0,07:46
0.0,['0.2'],0,07:51
0.0,['0.2'],0,07:56
0.0,['0.2'],0,08:02
0.0,['0.2'],0,08:07
0.0,['0.2'],0,08:13
0.0,['0.2'],0,08:18
0.0,['0.2'],0,08:24
0.0,['0.2'],0,08:29
0.0,['0.2'],0,08:35
0.0,['0.2'],0,08:40
0.0,['0.2'],0,08:45
0.0,['0.2'],0,08:51
0.0,['0.2'],0,08:56
0.0,['0.2'],0,09:02
0.0,['0.2'],0,09:07
0.0,['0.2'],0,09:13
0.0,['0.2'],0,09:18
0.0,['0.2'],0,09:23
0.0,['0.2'],0,09:29
0.0,['0.2'],0,09:34
0.0,['0.2'],0,09:40
0.0,['0.2'],0,09:45
0.0,['0.2'],0,09:51
0.0,['0.2'],0,09:56
0.0,['0.2'],0,10:01
0.0,['0.2'],0,10:07
0.0,['0.2'],0,10:12
0.0,['0.2'],0,10:18
0.0,['0.2'],0,10:23
0.0,['0.2'],0,10:29
0.0,['0.2'],0,10:34
0.0,['0.2'],0,10:40
0.0,['0.2'],0,10:45
0.0,['0.2'],0,10:50
0.0,['0.2'],0,10:56
0.0,['0.2'],0,11:01
0.0,['0.2'],0,11:07
0.0,['0.2'],0,11:12
0.0,['0.2'],0,11:18
0.0,['0.2'],0,11:23
0.0,['0.2'],0,11:29
0.0,['0.2'],0,11:34
0.0,['0.2'],0,11:39
0.0,['0.2'],0,11:45
0.0,['0.2'],0,11:50
0.0,['0.2'],0,11:56
0.0,['0.2'],0,12:01
0.0,['0.2'],0,12:07
0.0,['0.2'],0,12:12
0.0,['0.2'],0,12:17
0.0,['0.2'],0,12:23
0.0,['0.2'],0,12:28
0.0,['0.2'],0,12:34
0.0,['0.2'],0,12:39
0.0,['0.2'],0,12:45
0.0,['0.2'],0,12:50
0.0,['0.2'],0,12:56
0.0,['0.2'],0,13:01
0.0,['0.2'],0,13:07
0.0,['0.2'],0,13:12
0.0,['0.2'],0,13:17
0.0,['0.2'],0,13:23
0.0,['0.2'],0,13:28
0.0,['0.2'],0,13:34
0.0,['0.2'],0,13:39
0.0,['0.2'],0,13:45
0.0,['0.2'],0,13:50
0.0,['0.2'],0,13:56
0.0,['0.2'],0,14:01
0.0,['0.2'],0,14:06
0.0,['0.2'],0,14:12
0.0,['0.2'],0,14:17
0.0,['0.2'],0,14:23
0.0,['0.2'],0,14:28
0.0,['0.2'],0,14:34
0.0,['0.2'],0,14:39
0.0,['0.2'],0,14:44
0.0,['0.2'],0,14:50
0.0,['0.2'],0,14:55
0.0,['0.2'],0,15:01
0.0,['0.2'],0,15:06
0.0,['0.2'],0,15:12
0.0,['0.2'],0,15:17
0.0,['0.2'],0,15:23
0.0,['0.2'],0,15:28
0.0,['0.2'],0,15:33
0.0,['0.2'],0,15:39
0.0,['0.2'],0,15:44
0.0,['0.2'],0,15:50
0.0,['0.2'],0,15:55
0.0,['0.2'],0,16:01
0.0,['0.2'],0,16:06
0.0,['0.2'],0,16:12
0.0,['0.2'],0,16:17
0.0,['0.2'],0,16:22
0.0,['0.2'],0,16:28
0.0,['0.2'],0,16:33
0.0,['0.2'],0,16:39
0.0,['0.2'],0,16:44
0.0,['0.2'],0,16:50
0.0,['0.2'],0,16:55
0.0,['0.2'],0,17:00
0.0,['0.2'],0,17:06
0.0,['0.2'],0,17:11
0.0,['0.2'],0,17:17
0.0,['0.2'],0,17:22
0.0,['0.2'],0,17:28
0.0,['0.2'],0,17:33
0.0,['0.2'],0,17:39
0.0,['0.2'],0,17:44
0.0,['0.2'],0,17:49
0.0,['0.2'],0,17:55
0.0,['0.2'],0,18:00
0.0,['0.2'],0,18:06
0.0,['0.2'],0,18:11
0.0,['0.2'],0,18:17
0.0,['0.2'],0,18:22
0.0,['0.2'],0,18:28
0.0,['0.2'],0,18:33
0.0,['0.2'],0,18:38
0.0,['0.2'],0,18:44
0.0,['0.2'],0,18:49
0.0,['0.2'],0,18:55
0.0,['0.2'],0,19:00
0.0,['0.2'],0,19:06
0.0,['0.2'],0,19:11
0.0,['0.2'],0,19:17
0.0,['0.2'],0,19:22
0.0,['0.2'],0,19:27
0.0,['0.2'],0,19:33
0.0,['0.2'],0,19:38
0.0,['0.2'],0,19:44
0.0,['0.2'],0,19:49
0.0,['0.2'],0,19:55
0.0,['0.2'],0,20:00
0.0,['0.2'],0,20:05
0.0,['0.2'],0,20:11
0.0,['0.2'],0,20:16
0.0,['0.2'],0,20:22
0.0,['0.2'],0,20:27
0.0,['0.2'],0,20:33
0.0,['0.2'],0,20:38
0.0,['0.2'],0,20:44
0.0,['0.2'],0,20:49
0.0,['0.2'],0,20:54
0.0,['0.2'],0,21:00
0.0,['0.2'],0,21:05
0.0,['0.2'],0,21:11
0.0,['0.2'],0,21:16
0.0,['0.2'],0,21:22
0.0,['0.2'],0,21:27
0.0,['0.2'],0,21:32
0.0,['0.2'],0,21:38
0.0,['0.2'],0,21:43
0.0,['0.2'],0,21:49
0.0,['0.2'],0,21:54
0.0,['0.2'],0,22:00
0.0,['0.2'],0,22:05
0.0,['0.2'],0,22:11
0.0,['0.2'],0,22:16
0.0,['0.2'],0,22:21
0.0,['0.2'],0,22:27
0.0,['0.2'],0,22:32
0.0,['0.2'],0,22:38
0.0,['0.2'],0,22:43
0.0,['0.2'],0,22:49
0.0,['0.2'],0,22:54
0.0,['0.2'],0,23:00
0.0,['0.2'],0,23:05
0.0,['0.2'],0,23:10
0.0,['0.2'],0,23:16
0.0,['0.2'],0,23:21
0.0,['0.2'],0,23:27
0.0,['0.2'],0,23:32
0.0,['0.2'],0,23:38
0.0,['0.2'],0,23:43
0.0,['0.2'],0,23:49
0.0,['0.2'],0,23:54
0.0,['0.2'],0,23:59
0.0,['0.2'],0,24:05
0.0,['0.2'],0,24:10
0.0,['0.2'],0,24:16
0.0,['0.2'],0,24:21
0.0,['0.2'],0,24:27
0.0,['0.2'],0,24:32
0.0,['0.2'],0,24:38
0.0,['0.2'],0,24:43
0.0,['0.2'],0,24:48
0.0,['0.2'],0,24:54
0.0,['0.2'],0,24:59
0.0,['0.2'],0,25:05
0.0,['0.2'],0,25:10
0.0,['0.2'],0,25:16
0.0,['0.2'],0,25:21
0.0,['0.2'],0,25:26
0.0,['0.2'],0,25:32
0.0,['0.2'],0,25:37
0.0,['0.2'],0,25:43
0.0,['0.2'],0,25:48
0.0,['0.2'],0,25:54
0.0,['0.2'],0,25:59
0.0,['0.2'],0,26:04
0.0,['0.2'],0,26:10
0.0,['0.2'],0,26:15
0.0,['0.2'],0,26:21
0.0,['0.2'],0,26:26
0.0,['0.2'],0,26:32
0.0,['0.2'],0,26:37
0.0,['0.2'],0,26:43
0.0,['0.2'],0,26:48
0.0,['0.2'],0,26:53
0.0,['0.2'],0,26:59
0.0,['0.2'],0,27:04
0.0,['0.2'],0,27:10
0.0,['0.2'],0,27:15
0.0,['0.2'],0,27:21
0.0,['0.2'],0,27:26
0.0,['0.2'],0,27:31
0.0,['0.2'],0,27:37
0.0,['0.2'],0,27:42
0.0,['0.2'],0,27:48
0.0,['0.2'],0,27:53
0.0,['0.2'],0,27:59
0.0,['0.2'],0,28:04
0.0,['0.2'],0,28:10
0.0,['0.2'],0,28:15
0.0,['0.2'],0,28:20
0.0,['0.2'],0,28:26
0.0,['0.2'],0,28:31
0.0,['0.2'],0,28:37
0.0,['0.2'],0,28:42
0.0,['0.2'],0,28:48
0.0,['0.2'],0,28:53
0.0,['0.2'],0,28:58
0.0,['0.2'],0,29:04
0.0,['0.2'],0,29:09
0.0,['0.2'],0,29:15
0.0,['0.2'],0,29:20
0.0,['0.2'],0,29:26
0.0,['0.2'],0,29:31
0.0,['0.2'],0,29:37
0.0,['0.2'],0,29:42
0.0,['0.2'],0,29:47
0.0,['0.2'],0,29:53
0.0,['0.2'],0,29:58
0.0,['0.2'],0,30:04
0.0,['0.2'],0,30:09
0.0,['0.2'],0,30:15
0.0,['0.2'],0,30:20
0.0,['0.2'],0,30:26
0.0,['0.2'],0,30:31
0.0,['0.2'],0,30:36
0.0,['0.2'],0,30:42
0.0,['0.2'],0,30:47
0.0,['0.2'],0,30:53
0.0,['0.2'],0,30:58
0.0,['0.2'],0,31:04
0.0,['0.2'],0,31:09
0.0,['0.2'],0,31:15
0.0,['0.2'],0,31:20
0.0,['0.2'],0,31:25
0.0,0,02:58
0.0,0,03:03
0.0,0,03:09
0.0,0,03:14
0.0,0,03:20
0.0,0,03:25
0.0,0,03:31
0.0,0,03:36
0.0,0,03:42
0.0,0,03:47
0.0,0,03:53
0.0,0,03:58
0.0,0,04:04
0.0,0,04:09
0.0,0,04:15
0.0,0,04:20
0.0,0,04:26
0.0,0,04:31
0.0,0,04:37
0.0,0,04:42
0.0,0,04:48
0.0,0,04:53
0.0,0,04:59
0.0,0,05:04
0.0,0,05:10
0.0,0,05:15
0.0,0,05:21
0.0,0,05:26
0.0,0,05:32
0.0,0,05:37
0.0,0,05:43
0.0,0,05:48
0.0,0,05:54
0.0,0,05:59
0.0,0,06:05
0.0,0,06:10
0.0,0,06:15
0.0,0,06:21
0.0,0,06:26
0.0,0,06:32
0.0,0,06:37
0.0,0,06:43
0.0,0,06:48
0.0,0,06:54
0.0,0,06:59
0.0,0,07:05
0.0,0,07:10
0.0,0,07:16
0.0,0,07:22
0.0,0,07:27
20.0,96,07:33
49.0,53,07:39
16.0,0,07:44
0.0,0,07:49
0.0,0,07:55
0.0,0,08:01
0.0,0,08:06
0.0,0,08:12
0.0,0,08:17
0.0,0,08:22
0.0,0,08:28
0.0,0,08:33
0.0,0,08:39
0.0,0,08:44
0.0,0,08:50
0.0,0,08:55
0.0,0,09:01
0.0,0,09:07
0.0,0,09:12
0.0,0,09:18
0.0,0,09:23
0.0,0,09:29
0.0,0,09:35
0.0,0,09:41
0.0,0,09:48
0.0,0,09:54
0.0,0,10:00
0.0,0,10:05
0.0,0,10:11
0.0,0,10:16
0.0,0,10:21
0.0,0,10:27
0.0,0,10:32
0.0,0,10:38
0.0,0,10:44
0.0,0,10:49
0.0,0,10:55
0.0,0,11:00
0.0,0,11:06
0.0,0,11:11
0.0,0,11:17
0.0,0,11:22
0.0,0,11:28
0.0,0,11:33
0.0,0,11:39
0.0,0,11:44
0.0,0,11:50
19.2,96,12:55
57.6,96,13:01
38.4,0,13:06
0.0,0,13:12
0.0,0,13:18
0.0,0,13:23
0.0,0,13:29
0.0,0,13:34
0.0,0,13:40
0.0,0,13:45
0.0,0,13:51
0.0,0,13:56
0.0,0,14:01
0.0,0,14:07
0.0,0,14:13
0.0,0,14:18
0.0,0,14:24
0.0,0,14:29
0.0,0,14:35
0.0,0,14:40
0.0,0,14:46
0.0,0,14:51
0.0,0,14:57
0.0,0,15:02
0.0,0,15:08
0.0,0,15:13
0.0,0,15:19
0.0,0,15:24
0.0,0,15:30
0.0,0,15:35
0.0,0,15:44
0.0,0,16:05
4.8,24,16:33
9.4,45,16:39
6.8,24,16:44
6.6,17,16:50
6.2,11,16:55
7.8,9,17:01
7.4,9,17:06
6.0,4,17:12
4.6,3,17:18
7.2,2,17:23
9.2,0,17:29
7.8,1,17:40
6.8,2,17:45
8.6,1,18:08
9.8,3,18:30
12.8,10,18:36
11.6,8,18:41
9.0,3,20:33
12.6,9,20:39
10.8,6,20:44
7.6,0,20:50
7.8,1,21:07
11.6,2,21:47
10.4,2,22:32
12.6,7,22:37
12.0,8,22:43
11.4,5,22:49
9.4,1,23:22
9.2,4,24:36
11.2,10,24:41
9.0,7,24:47
9.4,3,24:53
12.2,7,25:49
14.4,10,25:54
13.0,5,26:00
15.0,3,26:06
11.8,1,26:17
14.2,1,26:34
14.6,5,26:40
14.0,8,26:45
16.6,3,26:51
15.0,1,26:57
14.0,0,27:47
15.8,9,27:53
14.4,10,27:59
11.4,1,28:38
9.8,5,28:44
10.0,6,28:49
10.6,3,28:55
14.2,1,29:01
12.4,4,29:51
15.6,8,29:57
14.8,4,30:03
13.0,1,30:42
14.6,7,30:48
13.6,4,30:53
11.0,1,30:59
14.4,0,31:50
12.6,3,31:56
12.2,5,32:01
13.2,4,32:07
13.4,1,32:41
13.0,3,32:47
9.6,6,32:52
13.6,6,32:58
18.0,2,33:03
14.0,2,33:54
14.8,6,34:00
12.0,8,34:05
12.4,2,34:45
11.2,4,34:51
13.0,5,34:56
13.4,3,35:02
15.8,3,35:08
11.6,0,35:53
14.6,3,35:58
14.6,7,36:04
12.8,6,36:10
15.8,1,36:43
16.4,2,36:49
12.8,4,36:55
11.6,4,37:00
11.0,5,37:06
12.2,3,37:12
14.2,1,37:57
16.2,5,38:02
15.0,9,38:08
13.8,1,38:47
14.8,2,38:53
15.6,6,38:59
11.2,4,39:04
13.8,3,39:10
15.4,1,39:15
14.2,1,40:00
13.2,6,40:06
13.0,7,40:12
14.8,4,40:17
14.6,3,40:51
14.6,3,40:56
18.2,3,41:02
15.4,3,41:08
14.4,2,41:13
10.8,2,41:19
13.8,3,42:04
12.6,7,42:09
13.6,8,42:15
10.8,0,42:49
12.8,2,42:55
16.4,4,43:00
13.4,3,43:06
11.8,3,43:11
10.8,4,43:17
10.6,1,44:02
8.0,4,44:08
9.6,4,44:13
10.6,5,44:19
8.6,1,44:52
9.8,3,44:58
10.0,4,45:03
8.2,3,45:09
11.4,3,45:15
13.4,5,45:20
13.8,1,45:26
12.6,1,46:05
14.6,5,46:11
15.2,6,46:17
12.6,5,46:22
11.6,0,46:50
11.4,1,46:56
11.2,4,47:02
14.6,5,47:07
12.6,3,47:13
13.8,3,47:18
12.4,4,47:24
10.8,2,48:09
13.0,3,48:15
15.0,7,48:20
12.2,5,48:26
12.2,-1,48:54
13.4,1,49:00
14.0,4,49:06
12.6,3,49:11
12.2,3,49:17
13.4,5,49:23
10.8,2,49:28
10.4,0,50:08
13.2,4,50:14
14.8,6,50:19
12.8,6,50:25
11.6,4,50:31
9.6,0,50:59
16.0,2,51:04
17.4,5,51:10
12.2,3,51:16
11.4,5,51:21
9.8,3,51:27
13.8,1,52:12
12.2,5,52:18
11.0,3,52:24
12.6,3,52:29
10.8,2,53:03
11.2,4,53:09
12.6,1,53:14
9.8,3,53:20
7.4,3,53:26
12.4,4,53:32
12.6,3,54:17
17.2,6,54:22
15.2,2,54:28
14.2,3,54:33
16.6,-1,55:02
17.0,3,55:07
11.6,2,55:18
11.0,3,55:24
13.0,5,55:30
14.4,2,55:35
12.8,0,56:15
13.6,4,56:20
15.4,7,56:26
10.4,2,56:43
12.2,1,57:05
11.6,4,57:11
13.0,3,57:17
15.0,3,57:22
16.6,3,57:28
16.4,4,57:34
17.8,1,58:18
17.0,3,58:24
12.0,6,58:30
11.4,5,58:35
14.0,0,58:41
12.8,2,58:47
13.8,3,59:10
13.8,3,59:15
11.8,1,59:21
11.6,2,59:27
15.8,3,59:32
14.8,2,59:38
12.4,2,59:43
13.0,3,00:23
13.6,6,00:28
13.6,4,00:34
14.8,2,00:40
13.6,2,00:45
11.6,2,00:51
14.2,1,01:08
13.8,3,01:13
12.6,3,01:19
13.0,1,01:24
14.6,3,01:30
14.2,3,01:36
13.0,3,01:41
15.0,-1,02:21
15.0,3,02:27
13.8,3,02:32
11.4,5,02:38
12.4,2,02:44
10.8,0,02:49
15.8,3,03:12
15.6,4,03:18
9.2,2,03:24
12.0,2,03:29
11.2,2,03:35
10.6,1,03:41
11.6,0,03:46
13.8,1,04:20
13.2,2,04:26
13.8,5,04:32
11.4,5,04:37
9.0,1,04:43
9.8,3,04:49
10.6,1,05:00
14.0,2,05:12
12.6,3,05:18
10.4,0,05:24
7.8,3,05:29
10.2,3,05:35
12.8,0,05:41
13.8,1,05:46
11.2,4,05:52
13.6,0,06:21
14.0,2,06:27
12.2,3,06:32
12.4,4,06:38
11.8,3,06:44
12.4,2,06:49
9.4,1,07:01
15.2,2,07:12
13.4,5,07:18
11.8,3,07:23
12.2,5,07:29
10.2,3,07:35
8.4,4,07:41
10.8,0,07:46
12.2,3,07:52
9.6,2,08:26
10.2,1,08:32
13.4,3,08:38
12.4,6,08:44
13.0,3,08:49
10.6,3,08:55
8.2,3,09:01
14.0,2,09:18
11.8,5,09:23
10.8,2,09:35
12.6,5,09:40
13.8,3,09:46
16.6,3,09:52
13.2,2,10:31
13.6,4,10:37
11.4,5,10:43
12.4,6,10:49
12.0,2,10:54
12.8,4,11:00
13.4,1,11:17
13.2,4,11:22
13.0,3,11:28
13.4,3,11:34
14.6,3,11:45
13.4,3,11:51
12.8,2,11:56
13.8,1,12:30
10.8,4,12:36
13.6,4,12:42
13.2,4,12:47
11.4,1,12:59
8.8,4,13:04
9.8,3,14:30
10.0,2,14:35
10.6,5,14:41
12.8,6,14:47
0.4,2,21:05
2.0,10,41:30
7.8,39,41:36
8.4,34,41:42
7.8,23,41:47
6.8,14,41:53
7.6,12,41:58
8.0,8,42:04
7.6,4,42:10
8.2,1,42:21
7.8,3,42:26
8.8,0,42:37
11.4,3,43:28
9.6,8,43:33
10.0,12,43:39
9.0,1,44:06
1.8,9,46:51
7.4,11,46:57
9.8,1,48:50
9.8,9,48:56
9.0,7,49:01
8.0,4,50:54
9.0,9,50:59
9.4,5,51:05
9.6,2,52:52
11.2,6,52:58
10.6,9,53:03
9.8,5,53:09
9.8,3,54:56
10.8,6,55:02
11.2,6,55:07
8.0,2,56:54
10.6,5,57:00
11.4,9,57:06
8.4,2,58:58
9.8,7,59:03
8.8,8,59:09
3.4,17,03:32
8.2,41,03:37
7.0,29,03:43
8.8,22,03:49
8.2,13,03:55
7.6,10,04:00
7.0,5,04:06
5.6,4,04:11
5.6,4,04:17
8.2,1,04:23
11.8,1,05:19
10.4,0,05:31
12.4,8,05:36
9.6,8,05:42
10.4,2,07:35
11.8,9,07:41
11.4,5,07:47
7.8,1,09:35
13.4,5,09:41
12.4,8,09:46
11.2,2,11:39
10.6,9,11:45
9.2,8,11:51
7.8,1,13:39
11.0,5,13:44
10.2,9,13:50
8.8,4,13:55
8.0,0,15:36
10.2,1,15:42
10.8,6,15:48
10.4,6,15:53
8.8,4,15:59
9.4,1,17:40
9.6,4,17:45
10.8,6,17:51
11.2,4,17:56
10.0,4,18:02
10.4,2,19:42
10.4,4,19:48
9.6,6,19:53
11.0,7,19:59
8.8,0,21:40
9.6,4,21:51
10.6,7,21:56
12.4,6,22:02
10.4,0,23:44
10.8,2,23:50
9.8,3,23:56
11.0,7,24:01
9.8,7,24:07
9.4,1,25:49
9.2,4,25:55
7.6,4,26:01
8.4,4,26:07
11.0,5,26:12
9.6,0,27:54
10.2,3,27:59
8.8,4,28:05
11.4,5,28:10
6.8,2,29:56
7.4,3,30:02
7.0,3,30:08
10.0,6,30:13
11.0,5,30:19
9.8,3,32:00
11.6,4,32:05
9.6,4,32:11
11.6,6,32:16
10.8,4,32:22
10.6,3,34:00
8.8,4,34:07
8.2,5,34:12
8.0,6,34:18
10.4,4,34:24
12.4,0,35:58
13.6,4,36:03
12.6,3,36:09
6.0,4,36:15
7.2,4,36:20
8.6,3,36:26
6.2,1,38:01
9.2,4,38:07
10.0,4,38:13
11.2,4,38:19
11.4,5,38:25
8.0,2,40:05
8.4,4,40:11
8.0,4,40:17
8.2,3,40:23
8.6,3,40:29
11.4,1,42:07
14.0,4,42:12
11.6,6,42:18
9.0,3,42:24
8.6,3,42:29
6.6,3,42:35
